2.7505,3.5005,4.2505,5.0005,5.7505,6.5005,7.2505,8.0005,8.7505,9.5005,10.25,11,11.75,12.5,13.25,14,14.75,15.5,16.25,17,17.75,18.5,19.25,20,20.75,21.5,22.25,23,23.75,24.5,25.25,26,26.75,27.5,28.25,29,29.75,30.5,31.25,32,32.75,33.5,34.25,35,35.75,36.5,37.25,38,38.75,39.5,40.25,41,41.75,42.5,43.25,44,44.75,45.5,46.25,47,47.75,48.5,49.25,50,50.75,51.5,52.25,53,53.75,54.5,55.25,56,56.75,57.5,58.25,59,59.75,60.5,61.25,62,62.75,63.5,64.25,65,65.75,66.5,67.25,68,68.75,69.5,70.25,71,71.75,72.5,73.25,74,74.75,75.5,76.25,77
4.751,5.501,6.251,7.001,7.751,8.501,9.251,10.001,10.751,11.501,12.251,13.001,13.751,14.501,15.251,16.001,16.751,17.501,18.251,19.001,19.751,20.501,21.251,22.001,22.751,23.501,24.251,25.001,25.751,26.501,27.251,28.001,28.751,29.501,30.251,31.001,31.751,32.501,33.251,34.001,34.751,35.501,36.251,37.001,37.751,38.501,39.251,40.001,40.751,41.501,42.251,43.001,43.751,44.501,45.251,46.001,46.751,47.501,48.251,49.001,49.751,50.501,51.251,52.001,52.751,53.501,54.251,55.001,55.751,56.501,57.251,58.001,58.751,59.501,60.251,61.001,61.751,62.501,63.251,64.001,64.751,65.501,66.251,67.001,67.751,68.501,69.251,70.001,70.751,71.501,72.251,73.001,73.751,74.501,75.251,76.001,76.751,77.501,78.251,79.001
6.7515,7.5015,8.2515,9.0015,9.7515,10.501,11.251,12.001,12.751,13.501,14.251,15.001,15.751,16.501,17.251,18.001,18.751,19.501,20.251,21.001,21.751,22.501,23.251,24.001,24.751,25.501,26.251,27.001,27.751,28.501,29.251,30.001,30.751,31.501,32.251,33.001,33.751,34.501,35.251,36.001,36.751,37.501,38.251,39.001,39.751,40.501,41.251,42.001,42.751,43.501,44.251,45.001,45.751,46.501,47.251,48.001,48.751,49.501,50.251,51.001,51.751,52.501,53.251,54.001,54.751,55.501,56.251,57.001,57.751,58.501,59.251,60.001,60.751,61.501,62.251,63.001,63.751,64.501,65.251,66.001,66.751,67.501,68.251,69.001,69.751,70.501,71.251,72.001,72.751,73.501,74.251,75.001,75.751,76.501,77.251,78.001,78.751,79.501,80.251,81.001
8.752,9.502,10.252,11.002,11.752,12.502,13.252,14.002,14.752,15.502,16.252,17.002,17.752,18.502,19.252,20.002,20.752,21.502,22.252,23.002,23.752,24.502,25.252,26.002,26.752,27.502,28.252,29.002,29.752,30.502,31.252,32.002,32.752,33.502,34.252,35.002,35.752,36.502,37.252,38.002,38.752,39.502,40.252,41.002,41.752,42.502,43.252,44.002,44.752,45.502,46.252,47.002,47.752,48.502,49.252,50.002,50.752,51.502,52.252,53.002,53.752,54.502,55.252,56.002,56.752,57.502,58.252,59.002,59.752,60.502,61.252,62.002,62.752,63.502,64.252,65.002,65.752,66.502,67.252,68.002,68.752,69.502,70.252,71.002,71.752,72.502,73.252,74.002,74.752,75.502,76.252,77.002,77.752,78.502,79.252,80.002,80.752,81.502,82.252,83.002
10.752,11.502,12.252,13.002,13.752,14.502,15.252,16.002,16.752,17.502,18.252,19.002,19.752,20.502,21.252,22.002,22.752,23.502,24.252,25.002,25.752,26.502,27.252,28.002,28.752,29.502,30.252,31.002,31.752,32.502,33.252,34.002,34.752,35.502,36.252,37.002,37.752,38.502,39.252,40.002,40.752,41.502,42.252,43.002,43.752,44.502,45.252,46.002,46.752,47.502,48.252,49.002,49.752,50.502,51.252,52.002,52.752,53.502,54.252,55.002,55.752,56.502,57.252,58.002,58.752,59.502,60.252,61.002,61.752,62.502,63.252,64.002,64.752,65.502,66.252,67.002,67.752,68.502,69.252,70.002,70.752,71.502,72.252,73.002,73.752,74.502,75.252,76.002,76.752,77.502,78.252,79.002,79.752,80.502,81.252,82.002,82.752,83.502,84.252,85.002
12.753,13.503,14.253,15.003,15.753,16.503,17.253,18.003,18.753,19.503,20.253,21.003,21.753,22.503,23.253,24.003,24.753,25.503,26.253,27.003,27.753,28.503,29.253,30.003,30.753,31.503,32.253,33.003,33.753,34.503,35.253,36.003,36.753,37.503,38.253,39.003,39.753,40.503,41.253,42.003,42.753,43.503,44.253,45.003,45.753,46.503,47.253,48.003,48.753,49.503,50.253,51.003,51.753,52.503,53.253,54.003,54.753,55.503,56.253,57.003,57.753,58.503,59.253,60.003,60.753,61.503,62.253,63.003,63.753,64.503,65.253,66.003,66.753,67.503,68.253,69.003,69.753,70.503,71.253,72.003,72.753,73.503,74.253,75.003,75.753,76.503,77.253,78.003,78.753,79.503,80.253,81.003,81.753,82.503,83.253,84.003,84.753,85.503,86.253,87.003
14.753,15.503,16.253,17.003,17.753,18.503,19.253,20.003,20.753,21.503,22.253,23.003,23.753,24.503,25.253,26.003,26.753,27.503,28.253,29.003,29.753,30.503,31.253,32.003,32.753,33.503,34.253,35.003,35.753,36.503,37.253,38.003,38.753,39.503,40.253,41.003,41.753,42.503,43.253,44.003,44.753,45.503,46.253,47.003,47.753,48.503,49.253,50.003,50.753,51.503,52.253,53.003,53.753,54.503,55.253,56.003,56.753,57.503,58.253,59.003,59.753,60.503,61.253,62.003,62.753,63.503,64.253,65.003,65.753,66.503,67.253,68.003,68.753,69.503,70.253,71.003,71.753,72.503,73.253,74.003,74.753,75.503,76.253,77.003,77.753,78.503,79.253,80.003,80.753,81.503,82.253,83.003,83.753,84.503,85.253,86.003,86.753,87.503,88.253,89.003
16.754,17.504,18.254,19.004,19.754,20.504,21.254,22.004,22.754,23.504,24.254,25.004,25.754,26.504,27.254,28.004,28.754,29.504,30.254,31.004,31.754,32.504,33.254,34.004,34.754,35.504,36.254,37.004,37.754,38.504,39.254,40.004,40.754,41.504,42.254,43.004,43.754,44.504,45.254,46.004,46.754,47.504,48.254,49.004,49.754,50.504,51.254,52.004,52.754,53.504,54.254,55.004,55.754,56.504,57.254,58.004,58.754,59.504,60.254,61.004,61.754,62.504,63.254,64.004,64.754,65.504,66.254,67.004,67.754,68.504,69.254,70.004,70.754,71.504,72.254,73.004,73.754,74.504,75.254,76.004,76.754,77.504,78.254,79.004,79.754,80.504,81.254,82.004,82.754,83.504,84.254,85.004,85.754,86.504,87.254,88.004,88.754,89.504,90.254,91.004
18.754,19.504,20.254,21.004,21.754,22.504,23.254,24.004,24.754,25.504,26.254,27.004,27.754,28.504,29.254,30.004,30.754,31.504,32.254,33.004,33.754,34.504,35.254,36.004,36.754,37.504,38.254,39.004,39.754,40.504,41.254,42.004,42.754,43.504,44.254,45.004,45.754,46.504,47.254,48.004,48.754,49.504,50.254,51.004,51.754,52.504,53.254,54.004,54.754,55.504,56.254,57.004,57.754,58.504,59.254,60.004,60.754,61.504,62.254,63.004,63.754,64.504,65.254,66.004,66.754,67.504,68.254,69.004,69.754,70.504,71.254,72.004,72.754,73.504,74.254,75.004,75.754,76.504,77.254,78.004,78.754,79.504,80.254,81.004,81.754,82.504,83.254,84.004,84.754,85.504,86.254,87.004,87.754,88.504,89.254,90.004,90.754,91.504,92.254,93.004
20.755,21.505,22.255,23.005,23.755,24.505,25.255,26.005,26.755,27.505,28.255,29.005,29.755,30.505,31.255,32.005,32.755,33.505,34.255,35.005,35.755,36.505,37.255,38.005,38.755,39.505,40.255,41.005,41.755,42.505,43.255,44.005,44.755,45.505,46.255,47.005,47.755,48.505,49.255,50.005,50.755,51.505,52.255,53.005,53.755,54.505,55.255,56.005,56.755,57.505,58.255,59.005,59.755,60.505,61.255,62.005,62.755,63.505,64.255,65.005,65.755,66.505,67.255,68.005,68.755,69.505,70.255,71.005,71.755,72.505,73.255,74.005,74.755,75.505,76.255,77.005,77.755,78.505,79.255,80.005,80.755,81.505,82.255,83.005,83.755,84.505,85.255,86.005,86.755,87.505,88.255,89.005,89.755,90.505,91.255,92.005,92.755,93.505,94.255,95.005
22.755,23.505,24.255,25.005,25.755,26.505,27.255,28.005,28.755,29.505,30.255,31.005,31.755,32.505,33.255,34.005,34.755,35.505,36.255,37.005,37.755,38.505,39.255,40.005,40.755,41.505,42.255,43.005,43.755,44.505,45.255,46.005,46.755,47.505,48.255,49.005,49.755,50.505,51.255,52.005,52.755,53.505,54.255,55.005,55.755,56.505,57.255,58.005,58.755,59.505,60.255,61.005,61.755,62.505,63.255,64.005,64.755,65.505,66.255,67.005,67.755,68.505,69.255,70.005,70.755,71.505,72.255,73.005,73.755,74.505,75.255,76.005,76.755,77.505,78.255,79.005,79.755,80.505,81.255,82.005,82.755,83.505,84.255,85.005,85.755,86.505,87.255,88.005,88.755,89.505,90.255,91.005,91.755,92.505,93.255,94.005,94.755,95.505,96.255,97.005
24.756,25.506,26.256,27.006,27.756,28.506,29.256,30.006,30.756,31.506,32.256,33.006,33.756,34.506,35.256,36.006,36.756,37.506,38.256,39.006,39.756,40.506,41.256,42.006,42.756,43.506,44.256,45.006,45.756,46.506,47.256,48.006,48.756,49.506,50.256,51.006,51.756,52.506,53.256,54.006,54.756,55.506,56.256,57.006,57.756,58.506,59.256,60.006,60.756,61.506,62.256,63.006,63.756,64.506,65.256,66.006,66.756,67.506,68.256,69.006,69.756,70.506,71.256,72.006,72.756,73.506,74.256,75.006,75.756,76.506,77.256,78.006,78.756,79.506,80.256,81.006,81.756,82.506,83.256,84.006,84.756,85.506,86.256,87.006,87.756,88.506,89.256,90.006,90.756,91.506,92.256,93.006,93.756,94.506,95.256,96.006,96.756,97.506,98.256,99.006
26.756,27.506,28.256,29.006,29.756,30.506,31.256,32.006,32.756,33.506,34.256,35.006,35.756,36.506,37.256,38.006,38.756,39.506,40.256,41.006,41.756,42.506,43.256,44.006,44.756,45.506,46.256,47.006,47.756,48.506,49.256,50.006,50.756,51.506,52.256,53.006,53.756,54.506,55.256,56.006,56.756,57.506,58.256,59.006,59.756,60.506,61.256,62.006,62.756,63.506,64.256,65.006,65.756,66.506,67.256,68.006,68.756,69.506,70.256,71.006,71.756,72.506,73.256,74.006,74.756,75.506,76.256,77.006,77.756,78.506,79.256,80.006,80.756,81.506,82.256,83.006,83.756,84.506,85.256,86.006,86.756,87.506,88.256,89.006,89.756,90.506,91.256,92.006,92.756,93.506,94.256,95.006,95.756,96.506,97.256,98.006,98.756,99.506,100.26,101.01
28.757,29.507,30.257,31.007,31.757,32.507,33.257,34.007,34.757,35.507,36.257,37.007,37.757,38.507,39.257,40.007,40.757,41.507,42.257,43.007,43.757,44.507,45.257,46.007,46.757,47.507,48.257,49.007,49.757,50.507,51.257,52.007,52.757,53.507,54.257,55.007,55.757,56.507,57.257,58.007,58.757,59.507,60.257,61.007,61.757,62.507,63.257,64.007,64.757,65.507,66.257,67.007,67.757,68.507,69.257,70.007,70.757,71.507,72.257,73.007,73.757,74.507,75.257,76.007,76.757,77.507,78.257,79.007,79.757,80.507,81.257,82.007,82.757,83.507,84.257,85.007,85.757,86.507,87.257,88.007,88.757,89.507,90.257,91.007,91.757,92.507,93.257,94.007,94.757,95.507,96.257,97.007,97.757,98.507,99.257,100.01,100.76,101.51,102.26,103.01
30.757,31.507,32.257,33.007,33.757,34.507,35.257,36.007,36.757,37.507,38.257,39.007,39.757,40.507,41.257,42.007,42.757,43.507,44.257,45.007,45.757,46.507,47.257,48.007,48.757,49.507,50.257,51.007,51.757,52.507,53.257,54.007,54.757,55.507,56.257,57.007,57.757,58.507,59.257,60.007,60.757,61.507,62.257,63.007,63.757,64.507,65.257,66.007,66.757,67.507,68.257,69.007,69.757,70.507,71.257,72.007,72.757,73.507,74.257,75.007,75.757,76.507,77.257,78.007,78.757,79.507,80.257,81.007,81.757,82.507,83.257,84.007,84.757,85.507,86.257,87.007,87.757,88.507,89.257,90.007,90.757,91.507,92.257,93.007,93.757,94.507,95.257,96.007,96.757,97.507,98.257,99.007,99.757,100.51,101.26,102.01,102.76,103.51,104.26,105.01
32.758,33.508,34.258,35.008,35.758,36.508,37.258,38.008,38.758,39.508,40.258,41.008,41.758,42.508,43.258,44.008,44.758,45.508,46.258,47.008,47.758,48.508,49.258,50.008,50.758,51.508,52.258,53.008,53.758,54.508,55.258,56.008,56.758,57.508,58.258,59.008,59.758,60.508,61.258,62.008,62.758,63.508,64.258,65.008,65.758,66.508,67.258,68.008,68.758,69.508,70.258,71.008,71.758,72.508,73.258,74.008,74.758,75.508,76.258,77.008,77.758,78.508,79.258,80.008,80.758,81.508,82.258,83.008,83.758,84.508,85.258,86.008,86.758,87.508,88.258,89.008,89.758,90.508,91.258,92.008,92.758,93.508,94.258,95.008,95.758,96.508,97.258,98.008,98.758,99.508,100.26,101.01,101.76,102.51,103.26,104.01,104.76,105.51,106.26,107.01
34.758,35.508,36.258,37.008,37.758,38.508,39.258,40.008,40.758,41.508,42.258,43.008,43.758,44.508,45.258,46.008,46.758,47.508,48.258,49.008,49.758,50.508,51.258,52.008,52.758,53.508,54.258,55.008,55.758,56.508,57.258,58.008,58.758,59.508,60.258,61.008,61.758,62.508,63.258,64.008,64.758,65.508,66.258,67.008,67.758,68.508,69.258,70.008,70.758,71.508,72.258,73.008,73.758,74.508,75.258,76.008,76.758,77.508,78.258,79.008,79.758,80.508,81.258,82.008,82.758,83.508,84.258,85.008,85.758,86.508,87.258,88.008,88.758,89.508,90.258,91.008,91.758,92.508,93.258,94.008,94.758,95.508,96.258,97.008,97.758,98.508,99.258,100.01,100.76,101.51,102.26,103.01,103.76,104.51,105.26,106.01,106.76,107.51,108.26,109.01
36.759,37.509,38.259,39.009,39.759,40.509,41.259,42.009,42.759,43.509,44.259,45.009,45.759,46.509,47.259,48.009,48.759,49.509,50.259,51.009,51.759,52.509,53.259,54.009,54.759,55.509,56.259,57.009,57.759,58.509,59.259,60.009,60.759,61.509,62.259,63.009,63.759,64.509,65.259,66.009,66.759,67.509,68.259,69.009,69.759,70.509,71.259,72.009,72.759,73.509,74.259,75.009,75.759,76.509,77.259,78.009,78.759,79.509,80.259,81.009,81.759,82.509,83.259,84.009,84.759,85.509,86.259,87.009,87.759,88.509,89.259,90.009,90.759,91.509,92.259,93.009,93.759,94.509,95.259,96.009,96.759,97.509,98.259,99.009,99.759,100.51,101.26,102.01,102.76,103.51,104.26,105.01,105.76,106.51,107.26,108.01,108.76,109.51,110.26,111.01
38.759,39.509,40.259,41.009,41.759,42.509,43.259,44.009,44.759,45.509,46.259,47.009,47.759,48.509,49.259,50.009,50.759,51.509,52.259,53.009,53.759,54.509,55.259,56.009,56.759,57.509,58.259,59.009,59.759,60.509,61.259,62.009,62.759,63.509,64.259,65.009,65.759,66.509,67.259,68.009,68.759,69.509,70.259,71.009,71.759,72.509,73.259,74.009,74.759,75.509,76.259,77.009,77.759,78.509,79.259,80.009,80.759,81.509,82.259,83.009,83.759,84.509,85.259,86.009,86.759,87.509,88.259,89.009,89.759,90.509,91.259,92.009,92.759,93.509,94.259,95.009,95.759,96.509,97.259,98.009,98.759,99.509,100.26,101.01,101.76,102.51,103.26,104.01,104.76,105.51,106.26,107.01,107.76,108.51,109.26,110.01,110.76,111.51,112.26,113.01
40.76,41.51,42.26,43.01,43.76,44.51,45.26,46.01,46.76,47.51,48.26,49.01,49.76,50.51,51.26,52.01,52.76,53.51,54.26,55.01,55.76,56.51,57.26,58.01,58.76,59.51,60.26,61.01,61.76,62.51,63.26,64.01,64.76,65.51,66.26,67.01,67.76,68.51,69.26,70.01,70.76,71.51,72.26,73.01,73.76,74.51,75.26,76.01,76.76,77.51,78.26,79.01,79.76,80.51,81.26,82.01,82.76,83.51,84.26,85.01,85.76,86.51,87.26,88.01,88.76,89.51,90.26,91.01,91.76,92.51,93.26,94.01,94.76,95.51,96.26,97.01,97.76,98.51,99.26,100.01,100.76,101.51,102.26,103.01,103.76,104.51,105.26,106.01,106.76,107.51,108.26,109.01,109.76,110.51,111.26,112.01,112.76,113.51,114.26,115.01
42.76,43.51,44.26,45.01,45.76,46.51,47.26,48.01,48.76,49.51,50.26,51.01,51.76,52.51,53.26,54.01,54.76,55.51,56.26,57.01,57.76,58.51,59.26,60.01,60.76,61.51,62.26,63.01,63.76,64.51,65.26,66.01,66.76,67.51,68.26,69.01,69.76,70.51,71.26,72.01,72.76,73.51,74.26,75.01,75.76,76.51,77.26,78.01,78.76,79.51,80.26,81.01,81.76,82.51,83.26,84.01,84.76,85.51,86.26,87.01,87.76,88.51,89.26,90.01,90.76,91.51,92.26,93.01,93.76,94.51,95.26,96.01,96.76,97.51,98.26,99.01,99.76,100.51,101.26,102.01,102.76,103.51,104.26,105.01,105.76,106.51,107.26,108.01,108.76,109.51,110.26,111.01,111.76,112.51,113.26,114.01,114.76,115.51,116.26,117.01
44.761,45.511,46.261,47.011,47.761,48.511,49.261,50.011,50.761,51.511,52.261,53.011,53.761,54.511,55.261,56.011,56.761,57.511,58.261,59.011,59.761,60.511,61.261,62.011,62.761,63.511,64.261,65.011,65.761,66.511,67.261,68.011,68.761,69.511,70.261,71.011,71.761,72.511,73.261,74.011,74.761,75.511,76.261,77.011,77.761,78.511,79.261,80.011,80.761,81.511,82.261,83.011,83.761,84.511,85.261,86.011,86.761,87.511,88.261,89.011,89.761,90.511,91.261,92.011,92.761,93.511,94.261,95.011,95.761,96.511,97.261,98.011,98.761,99.511,100.26,101.01,101.76,102.51,103.26,104.01,104.76,105.51,106.26,107.01,107.76,108.51,109.26,110.01,110.76,111.51,112.26,113.01,113.76,114.51,115.26,116.01,116.76,117.51,118.26,119.01
46.761,47.511,48.261,49.011,49.761,50.511,51.261,52.011,52.761,53.511,54.261,55.011,55.761,56.511,57.261,58.011,58.761,59.511,60.261,61.011,61.761,62.511,63.261,64.011,64.761,65.511,66.261,67.011,67.761,68.511,69.261,70.011,70.761,71.511,72.261,73.011,73.761,74.511,75.261,76.011,76.761,77.511,78.261,79.011,79.761,80.511,81.261,82.011,82.761,83.511,84.261,85.011,85.761,86.511,87.261,88.011,88.761,89.511,90.261,91.011,91.761,92.511,93.261,94.011,94.761,95.511,96.261,97.011,97.761,98.511,99.261,100.01,100.76,101.51,102.26,103.01,103.76,104.51,105.26,106.01,106.76,107.51,108.26,109.01,109.76,110.51,111.26,112.01,112.76,113.51,114.26,115.01,115.76,116.51,117.26,118.01,118.76,119.51,120.26,121.01
48.762,49.512,50.262,51.012,51.762,52.512,53.262,54.012,54.762,55.512,56.262,57.012,57.762,58.512,59.262,60.012,60.762,61.512,62.262,63.012,63.762,64.512,65.262,66.012,66.762,67.512,68.262,69.012,69.762,70.512,71.262,72.012,72.762,73.512,74.262,75.012,75.762,76.512,77.262,78.012,78.762,79.512,80.262,81.012,81.762,82.512,83.262,84.012,84.762,85.512,86.262,87.012,87.762,88.512,89.262,90.012,90.762,91.512,92.262,93.012,93.762,94.512,95.262,96.012,96.762,97.512,98.262,99.012,99.762,100.51,101.26,102.01,102.76,103.51,104.26,105.01,105.76,106.51,107.26,108.01,108.76,109.51,110.26,111.01,111.76,112.51,113.26,114.01,114.76,115.51,116.26,117.01,117.76,118.51,119.26,120.01,120.76,121.51,122.26,123.01
50.762,51.512,52.262,53.012,53.762,54.512,55.262,56.012,56.762,57.512,58.262,59.012,59.762,60.512,61.262,62.012,62.762,63.512,64.262,65.012,65.762,66.512,67.262,68.012,68.762,69.512,70.262,71.012,71.762,72.512,73.262,74.012,74.762,75.512,76.262,77.012,77.762,78.512,79.262,80.012,80.762,81.512,82.262,83.012,83.762,84.512,85.262,86.012,86.762,87.512,88.262,89.012,89.762,90.512,91.262,92.012,92.762,93.512,94.262,95.012,95.762,96.512,97.262,98.012,98.762,99.512,100.26,101.01,101.76,102.51,103.26,104.01,104.76,105.51,106.26,107.01,107.76,108.51,109.26,110.01,110.76,111.51,112.26,113.01,113.76,114.51,115.26,116.01,116.76,117.51,118.26,119.01,119.76,120.51,121.26,122.01,122.76,123.51,124.26,125.01
52.763,53.513,54.263,55.013,55.763,56.513,57.263,58.013,58.763,59.513,60.263,61.013,61.763,62.513,63.263,64.013,64.763,65.513,66.263,67.013,67.763,68.513,69.263,70.013,70.763,71.513,72.263,73.013,73.763,74.513,75.263,76.013,76.763,77.513,78.263,79.013,79.763,80.513,81.263,82.013,82.763,83.513,84.263,85.013,85.763,86.513,87.263,88.013,88.763,89.513,90.263,91.013,91.763,92.513,93.263,94.013,94.763,95.513,96.263,97.013,97.763,98.513,99.263,100.01,100.76,101.51,102.26,103.01,103.76,104.51,105.26,106.01,106.76,107.51,108.26,109.01,109.76,110.51,111.26,112.01,112.76,113.51,114.26,115.01,115.76,116.51,117.26,118.01,118.76,119.51,120.26,121.01,121.76,122.51,123.26,124.01,124.76,125.51,126.26,127.01
54.763,55.513,56.263,57.013,57.763,58.513,59.263,60.013,60.763,61.513,62.263,63.013,63.763,64.513,65.263,66.013,66.763,67.513,68.263,69.013,69.763,70.513,71.263,72.013,72.763,73.513,74.263,75.013,75.763,76.513,77.263,78.013,78.763,79.513,80.263,81.013,81.763,82.513,83.263,84.013,84.763,85.513,86.263,87.013,87.763,88.513,89.263,90.013,90.763,91.513,92.263,93.013,93.763,94.513,95.263,96.013,96.763,97.513,98.263,99.013,99.763,100.51,101.26,102.01,102.76,103.51,104.26,105.01,105.76,106.51,107.26,108.01,108.76,109.51,110.26,111.01,111.76,112.51,113.26,114.01,114.76,115.51,116.26,117.01,117.76,118.51,119.26,120.01,120.76,121.51,122.26,123.01,123.76,124.51,125.26,126.01,126.76,127.51,128.26,129.01
56.764,57.514,58.264,59.014,59.764,60.514,61.264,62.014,62.764,63.514,64.264,65.014,65.764,66.514,67.264,68.014,68.764,69.514,70.264,71.014,71.764,72.514,73.264,74.014,74.764,75.514,76.264,77.014,77.764,78.514,79.264,80.014,80.764,81.514,82.264,83.014,83.764,84.514,85.264,86.014,86.764,87.514,88.264,89.014,89.764,90.514,91.264,92.014,92.764,93.514,94.264,95.014,95.764,96.514,97.264,98.014,98.764,99.514,100.26,101.01,101.76,102.51,103.26,104.01,104.76,105.51,106.26,107.01,107.76,108.51,109.26,110.01,110.76,111.51,112.26,113.01,113.76,114.51,115.26,116.01,116.76,117.51,118.26,119.01,119.76,120.51,121.26,122.01,122.76,123.51,124.26,125.01,125.76,126.51,127.26,128.01,128.76,129.51,130.26,131.01
58.764,59.514,60.264,61.014,61.764,62.514,63.264,64.014,64.764,65.514,66.264,67.014,67.764,68.514,69.264,70.014,70.764,71.514,72.264,73.014,73.764,74.514,75.264,76.014,76.764,77.514,78.264,79.014,79.764,80.514,81.264,82.014,82.764,83.514,84.264,85.014,85.764,86.514,87.264,88.014,88.764,89.514,90.264,91.014,91.764,92.514,93.264,94.014,94.764,95.514,96.264,97.014,97.764,98.514,99.264,100.01,100.76,101.51,102.26,103.01,103.76,104.51,105.26,106.01,106.76,107.51,108.26,109.01,109.76,110.51,111.26,112.01,112.76,113.51,114.26,115.01,115.76,116.51,117.26,118.01,118.76,119.51,120.26,121.01,121.76,122.51,123.26,124.01,124.76,125.51,126.26,127.01,127.76,128.51,129.26,130.01,130.76,131.51,132.26,133.01
60.765,61.515,62.265,63.015,63.765,64.515,65.265,66.015,66.765,67.515,68.265,69.015,69.765,70.515,71.265,72.015,72.765,73.515,74.265,75.015,75.765,76.515,77.265,78.015,78.765,79.515,80.265,81.015,81.765,82.515,83.265,84.015,84.765,85.515,86.265,87.015,87.765,88.515,89.265,90.015,90.765,91.515,92.265,93.015,93.765,94.515,95.265,96.015,96.765,97.515,98.265,99.015,99.765,100.51,101.26,102.01,102.76,103.51,104.26,105.01,105.76,106.51,107.26,108.01,108.76,109.51,110.26,111.01,111.76,112.51,113.26,114.01,114.76,115.51,116.26,117.01,117.76,118.51,119.26,120.01,120.76,121.51,122.26,123.01,123.76,124.51,125.26,126.01,126.76,127.51,128.26,129.01,129.76,130.51,131.26,132.01,132.76,133.51,134.26,135.01
62.765,63.515,64.265,65.015,65.765,66.515,67.265,68.015,68.765,69.515,70.265,71.015,71.765,72.515,73.265,74.015,74.765,75.515,76.265,77.015,77.765,78.515,79.265,80.015,80.765,81.515,82.265,83.015,83.765,84.515,85.265,86.015,86.765,87.515,88.265,89.015,89.765,90.515,91.265,92.015,92.765,93.515,94.265,95.015,95.765,96.515,97.265,98.015,98.765,99.515,100.27,101.02,101.77,102.52,103.27,104.02,104.77,105.52,106.27,107.02,107.77,108.52,109.27,110.02,110.77,111.52,112.27,113.02,113.77,114.52,115.27,116.02,116.77,117.52,118.27,119.02,119.77,120.52,121.27,122.02,122.77,123.52,124.27,125.02,125.77,126.52,127.27,128.02,128.77,129.52,130.27,131.02,131.77,132.52,133.27,134.02,134.77,135.52,136.27,137.02
64.766,65.516,66.266,67.016,67.766,68.516,69.266,70.016,70.766,71.516,72.266,73.016,73.766,74.516,75.266,76.016,76.766,77.516,78.266,79.016,79.766,80.516,81.266,82.016,82.766,83.516,84.266,85.016,85.766,86.516,87.266,88.016,88.766,89.516,90.266,91.016,91.766,92.516,93.266,94.016,94.766,95.516,96.266,97.016,97.766,98.516,99.266,100.02,100.77,101.52,102.27,103.02,103.77,104.52,105.27,106.02,106.77,107.52,108.27,109.02,109.77,110.52,111.27,112.02,112.77,113.52,114.27,115.02,115.77,116.52,117.27,118.02,118.77,119.52,120.27,121.02,121.77,122.52,123.27,124.02,124.77,125.52,126.27,127.02,127.77,128.52,129.27,130.02,130.77,131.52,132.27,133.02,133.77,134.52,135.27,136.02,136.77,137.52,138.27,139.02
66.766,67.516,68.266,69.016,69.766,70.516,71.266,72.016,72.766,73.516,74.266,75.016,75.766,76.516,77.266,78.016,78.766,79.516,80.266,81.016,81.766,82.516,83.266,84.016,84.766,85.516,86.266,87.016,87.766,88.516,89.266,90.016,90.766,91.516,92.266,93.016,93.766,94.516,95.266,96.016,96.766,97.516,98.266,99.016,99.766,100.52,101.27,102.02,102.77,103.52,104.27,105.02,105.77,106.52,107.27,108.02,108.77,109.52,110.27,111.02,111.77,112.52,113.27,114.02,114.77,115.52,116.27,117.02,117.77,118.52,119.27,120.02,120.77,121.52,122.27,123.02,123.77,124.52,125.27,126.02,126.77,127.52,128.27,129.02,129.77,130.52,131.27,132.02,132.77,133.52,134.27,135.02,135.77,136.52,137.27,138.02,138.77,139.52,140.27,141.02
68.767,69.517,70.267,71.017,71.767,72.517,73.267,74.017,74.767,75.517,76.267,77.017,77.767,78.517,79.267,80.017,80.767,81.517,82.267,83.017,83.767,84.517,85.267,86.017,86.767,87.517,88.267,89.017,89.767,90.517,91.267,92.017,92.767,93.517,94.267,95.017,95.767,96.517,97.267,98.017,98.767,99.517,100.27,101.02,101.77,102.52,103.27,104.02,104.77,105.52,106.27,107.02,107.77,108.52,109.27,110.02,110.77,111.52,112.27,113.02,113.77,114.52,115.27,116.02,116.77,117.52,118.27,119.02,119.77,120.52,121.27,122.02,122.77,123.52,124.27,125.02,125.77,126.52,127.27,128.02,128.77,129.52,130.27,131.02,131.77,132.52,133.27,134.02,134.77,135.52,136.27,137.02,137.77,138.52,139.27,140.02,140.77,141.52,142.27,143.02
70.767,71.517,72.267,73.017,73.767,74.517,75.267,76.017,76.767,77.517,78.267,79.017,79.767,80.517,81.267,82.017,82.767,83.517,84.267,85.017,85.767,86.517,87.267,88.017,88.767,89.517,90.267,91.017,91.767,92.517,93.267,94.017,94.767,95.517,96.267,97.017,97.767,98.517,99.267,100.02,100.77,101.52,102.27,103.02,103.77,104.52,105.27,106.02,106.77,107.52,108.27,109.02,109.77,110.52,111.27,112.02,112.77,113.52,114.27,115.02,115.77,116.52,117.27,118.02,118.77,119.52,120.27,121.02,121.77,122.52,123.27,124.02,124.77,125.52,126.27,127.02,127.77,128.52,129.27,130.02,130.77,131.52,132.27,133.02,133.77,134.52,135.27,136.02,136.77,137.52,138.27,139.02,139.77,140.52,141.27,142.02,142.77,143.52,144.27,145.02
72.768,73.518,74.268,75.018,75.768,76.518,77.268,78.018,78.768,79.518,80.268,81.018,81.768,82.518,83.268,84.018,84.768,85.518,86.268,87.018,87.768,88.518,89.268,90.018,90.768,91.518,92.268,93.018,93.768,94.518,95.268,96.018,96.768,97.518,98.268,99.018,99.768,100.52,101.27,102.02,102.77,103.52,104.27,105.02,105.77,106.52,107.27,108.02,108.77,109.52,110.27,111.02,111.77,112.52,113.27,114.02,114.77,115.52,116.27,117.02,117.77,118.52,119.27,120.02,120.77,121.52,122.27,123.02,123.77,124.52,125.27,126.02,126.77,127.52,128.27,129.02,129.77,130.52,131.27,132.02,132.77,133.52,134.27,135.02,135.77,136.52,137.27,138.02,138.77,139.52,140.27,141.02,141.77,142.52,143.27,144.02,144.77,145.52,146.27,147.02
74.768,75.518,76.268,77.018,77.768,78.518,79.268,80.018,80.768,81.518,82.268,83.018,83.768,84.518,85.268,86.018,86.768,87.518,88.268,89.018,89.768,90.518,91.268,92.018,92.768,93.518,94.268,95.018,95.768,96.518,97.268,98.018,98.768,99.518,100.27,101.02,101.77,102.52,103.27,104.02,104.77,105.52,106.27,107.02,107.77,108.52,109.27,110.02,110.77,111.52,112.27,113.02,113.77,114.52,115.27,116.02,116.77,117.52,118.27,119.02,119.77,120.52,121.27,122.02,122.77,123.52,124.27,125.02,125.77,126.52,127.27,128.02,128.77,129.52,130.27,131.02,131.77,132.52,133.27,134.02,134.77,135.52,136.27,137.02,137.77,138.52,139.27,140.02,140.77,141.52,142.27,143.02,143.77,144.52,145.27,146.02,146.77,147.52,148.27,149.02
76.769,77.519,78.269,79.019,79.769,80.519,81.269,82.019,82.769,83.519,84.269,85.019,85.769,86.519,87.269,88.019,88.769,89.519,90.269,91.019,91.769,92.519,93.269,94.019,94.769,95.519,96.269,97.019,97.769,98.519,99.269,100.02,100.77,101.52,102.27,103.02,103.77,104.52,105.27,106.02,106.77,107.52,108.27,109.02,109.77,110.52,111.27,112.02,112.77,113.52,114.27,115.02,115.77,116.52,117.27,118.02,118.77,119.52,120.27,121.02,121.77,122.52,123.27,124.02,124.77,125.52,126.27,127.02,127.77,128.52,129.27,130.02,130.77,131.52,132.27,133.02,133.77,134.52,135.27,136.02,136.77,137.52,138.27,139.02,139.77,140.52,141.27,142.02,142.77,143.52,144.27,145.02,145.77,146.52,147.27,148.02,148.77,149.52,150.27,151.02
78.769,79.519,80.269,81.019,81.769,82.519,83.269,84.019,84.769,85.519,86.269,87.019,87.769,88.519,89.269,90.019,90.769,91.519,92.269,93.019,93.769,94.519,95.269,96.019,96.769,97.519,98.269,99.019,99.769,100.52,101.27,102.02,102.77,103.52,104.27,105.02,105.77,106.52,107.27,108.02,108.77,109.52,110.27,111.02,111.77,112.52,113.27,114.02,114.77,115.52,116.27,117.02,117.77,118.52,119.27,120.02,120.77,121.52,122.27,123.02,123.77,124.52,125.27,126.02,126.77,127.52,128.27,129.02,129.77,130.52,131.27,132.02,132.77,133.52,134.27,135.02,135.77,136.52,137.27,138.02,138.77,139.52,140.27,141.02,141.77,142.52,143.27,144.02,144.77,145.52,146.27,147.02,147.77,148.52,149.27,150.02,150.77,151.52,152.27,153.02
80.77,81.52,82.27,83.02,83.77,84.52,85.27,86.02,86.77,87.52,88.27,89.02,89.77,90.52,91.27,92.02,92.77,93.52,94.27,95.02,95.77,96.52,97.27,98.02,98.77,99.52,100.27,101.02,101.77,102.52,103.27,104.02,104.77,105.52,106.27,107.02,107.77,108.52,109.27,110.02,110.77,111.52,112.27,113.02,113.77,114.52,115.27,116.02,116.77,117.52,118.27,119.02,119.77,120.52,121.27,122.02,122.77,123.52,124.27,125.02,125.77,126.52,127.27,128.02,128.77,129.52,130.27,131.02,131.77,132.52,133.27,134.02,134.77,135.52,136.27,137.02,137.77,138.52,139.27,140.02,140.77,141.52,142.27,143.02,143.77,144.52,145.27,146.02,146.77,147.52,148.27,149.02,149.77,150.52,151.27,152.02,152.77,153.52,154.27,155.02
82.77,83.52,84.27,85.02,85.77,86.52,87.27,88.02,88.77,89.52,90.27,91.02,91.77,92.52,93.27,94.02,94.77,95.52,96.27,97.02,97.77,98.52,99.27,100.02,100.77,101.52,102.27,103.02,103.77,104.52,105.27,106.02,106.77,107.52,108.27,109.02,109.77,110.52,111.27,112.02,112.77,113.52,114.27,115.02,115.77,116.52,117.27,118.02,118.77,119.52,120.27,121.02,121.77,122.52,123.27,124.02,124.77,125.52,126.27,127.02,127.77,128.52,129.27,130.02,130.77,131.52,132.27,133.02,133.77,134.52,135.27,136.02,136.77,137.52,138.27,139.02,139.77,140.52,141.27,142.02,142.77,143.52,144.27,145.02,145.77,146.52,147.27,148.02,148.77,149.52,150.27,151.02,151.77,152.52,153.27,154.02,154.77,155.52,156.27,157.02
84.771,85.521,86.271,87.021,87.771,88.521,89.271,90.021,90.771,91.521,92.271,93.021,93.771,94.521,95.271,96.021,96.771,97.521,98.271,99.021,99.771,100.52,101.27,102.02,102.77,103.52,104.27,105.02,105.77,106.52,107.27,108.02,108.77,109.52,110.27,111.02,111.77,112.52,113.27,114.02,114.77,115.52,116.27,117.02,117.77,118.52,119.27,120.02,120.77,121.52,122.27,123.02,123.77,124.52,125.27,126.02,126.77,127.52,128.27,129.02,129.77,130.52,131.27,132.02,132.77,133.52,134.27,135.02,135.77,136.52,137.27,138.02,138.77,139.52,140.27,141.02,141.77,142.52,143.27,144.02,144.77,145.52,146.27,147.02,147.77,148.52,149.27,150.02,150.77,151.52,152.27,153.02,153.77,154.52,155.27,156.02,156.77,157.52,158.27,159.02
86.771,87.521,88.271,89.021,89.771,90.521,91.271,92.021,92.771,93.521,94.271,95.021,95.771,96.521,97.271,98.021,98.771,99.521,100.27,101.02,101.77,102.52,103.27,104.02,104.77,105.52,106.27,107.02,107.77,108.52,109.27,110.02,110.77,111.52,112.27,113.02,113.77,114.52,115.27,116.02,116.77,117.52,118.27,119.02,119.77,120.52,121.27,122.02,122.77,123.52,124.27,125.02,125.77,126.52,127.27,128.02,128.77,129.52,130.27,131.02,131.77,132.52,133.27,134.02,134.77,135.52,136.27,137.02,137.77,138.52,139.27,140.02,140.77,141.52,142.27,143.02,143.77,144.52,145.27,146.02,146.77,147.52,148.27,149.02,149.77,150.52,151.27,152.02,152.77,153.52,154.27,155.02,155.77,156.52,157.27,158.02,158.77,159.52,160.27,161.02
88.772,89.522,90.272,91.022,91.772,92.522,93.272,94.022,94.772,95.522,96.272,97.022,97.772,98.522,99.272,100.02,100.77,101.52,102.27,103.02,103.77,104.52,105.27,106.02,106.77,107.52,108.27,109.02,109.77,110.52,111.27,112.02,112.77,113.52,114.27,115.02,115.77,116.52,117.27,118.02,118.77,119.52,120.27,121.02,121.77,122.52,123.27,124.02,124.77,125.52,126.27,127.02,127.77,128.52,129.27,130.02,130.77,131.52,132.27,133.02,133.77,134.52,135.27,136.02,136.77,137.52,138.27,139.02,139.77,140.52,141.27,142.02,142.77,143.52,144.27,145.02,145.77,146.52,147.27,148.02,148.77,149.52,150.27,151.02,151.77,152.52,153.27,154.02,154.77,155.52,156.27,157.02,157.77,158.52,159.27,160.02,160.77,161.52,162.27,163.02
90.772,91.522,92.272,93.022,93.772,94.522,95.272,96.022,96.772,97.522,98.272,99.022,99.772,100.52,101.27,102.02,102.77,103.52,104.27,105.02,105.77,106.52,107.27,108.02,108.77,109.52,110.27,111.02,111.77,112.52,113.27,114.02,114.77,115.52,116.27,117.02,117.77,118.52,119.27,120.02,120.77,121.52,122.27,123.02,123.77,124.52,125.27,126.02,126.77,127.52,128.27,129.02,129.77,130.52,131.27,132.02,132.77,133.52,134.27,135.02,135.77,136.52,137.27,138.02,138.77,139.52,140.27,141.02,141.77,142.52,143.27,144.02,144.77,145.52,146.27,147.02,147.77,148.52,149.27,150.02,150.77,151.52,152.27,153.02,153.77,154.52,155.27,156.02,156.77,157.52,158.27,159.02,159.77,160.52,161.27,162.02,162.77,163.52,164.27,165.02
92.773,93.523,94.273,95.023,95.773,96.523,97.273,98.023,98.773,99.523,100.27,101.02,101.77,102.52,103.27,104.02,104.77,105.52,106.27,107.02,107.77,108.52,109.27,110.02,110.77,111.52,112.27,113.02,113.77,114.52,115.27,116.02,116.77,117.52,118.27,119.02,119.77,120.52,121.27,122.02,122.77,123.52,124.27,125.02,125.77,126.52,127.27,128.02,128.77,129.52,130.27,131.02,131.77,132.52,133.27,134.02,134.77,135.52,136.27,137.02,137.77,138.52,139.27,140.02,140.77,141.52,142.27,143.02,143.77,144.52,145.27,146.02,146.77,147.52,148.27,149.02,149.77,150.52,151.27,152.02,152.77,153.52,154.27,155.02,155.77,156.52,157.27,158.02,158.77,159.52,160.27,161.02,161.77,162.52,163.27,164.02,164.77,165.52,166.27,167.02
94.773,95.523,96.273,97.023,97.773,98.523,99.273,100.02,100.77,101.52,102.27,103.02,103.77,104.52,105.27,106.02,106.77,107.52,108.27,109.02,109.77,110.52,111.27,112.02,112.77,113.52,114.27,115.02,115.77,116.52,117.27,118.02,118.77,119.52,120.27,121.02,121.77,122.52,123.27,124.02,124.77,125.52,126.27,127.02,127.77,128.52,129.27,130.02,130.77,131.52,132.27,133.02,133.77,134.52,135.27,136.02,136.77,137.52,138.27,139.02,139.77,140.52,141.27,142.02,142.77,143.52,144.27,145.02,145.77,146.52,147.27,148.02,148.77,149.52,150.27,151.02,151.77,152.52,153.27,154.02,154.77,155.52,156.27,157.02,157.77,158.52,159.27,160.02,160.77,161.52,162.27,163.02,163.77,164.52,165.27,166.02,166.77,167.52,168.27,169.02
96.774,97.524,98.274,99.024,99.774,100.52,101.27,102.02,102.77,103.52,104.27,105.02,105.77,106.52,107.27,108.02,108.77,109.52,110.27,111.02,111.77,112.52,113.27,114.02,114.77,115.52,116.27,117.02,117.77,118.52,119.27,120.02,120.77,121.52,122.27,123.02,123.77,124.52,125.27,126.02,126.77,127.52,128.27,129.02,129.77,130.52,131.27,132.02,132.77,133.52,134.27,135.02,135.77,136.52,137.27,138.02,138.77,139.52,140.27,141.02,141.77,142.52,143.27,144.02,144.77,145.52,146.27,147.02,147.77,148.52,149.27,150.02,150.77,151.52,152.27,153.02,153.77,154.52,155.27,156.02,156.77,157.52,158.27,159.02,159.77,160.52,161.27,162.02,162.77,163.52,164.27,165.02,165.77,166.52,167.27,168.02,168.77,169.52,170.27,171.02
98.774,99.524,100.27,101.02,101.77,102.52,103.27,104.02,104.77,105.52,106.27,107.02,107.77,108.52,109.27,110.02,110.77,111.52,112.27,113.02,113.77,114.52,115.27,116.02,116.77,117.52,118.27,119.02,119.77,120.52,121.27,122.02,122.77,123.52,124.27,125.02,125.77,126.52,127.27,128.02,128.77,129.52,130.27,131.02,131.77,132.52,133.27,134.02,134.77,135.52,136.27,137.02,137.77,138.52,139.27,140.02,140.77,141.52,142.27,143.02,143.77,144.52,145.27,146.02,146.77,147.52,148.27,149.02,149.77,150.52,151.27,152.02,152.77,153.52,154.27,155.02,155.77,156.52,157.27,158.02,158.77,159.52,160.27,161.02,161.77,162.52,163.27,164.02,164.77,165.52,166.27,167.02,167.77,168.52,169.27,170.02,170.77,171.52,172.27,173.02
100.77,101.52,102.27,103.02,103.77,104.52,105.27,106.02,106.77,107.52,108.27,109.02,109.77,110.52,111.27,112.02,112.77,113.52,114.27,115.02,115.77,116.52,117.27,118.02,118.77,119.52,120.27,121.02,121.77,122.52,123.27,124.02,124.77,125.52,126.27,127.02,127.77,128.52,129.27,130.02,130.77,131.52,132.27,133.02,133.77,134.52,135.27,136.02,136.77,137.52,138.27,139.02,139.77,140.52,141.27,142.02,142.77,143.52,144.27,145.02,145.77,146.52,147.27,148.02,148.77,149.52,150.27,151.02,151.77,152.52,153.27,154.02,154.77,155.52,156.27,157.02,157.77,158.52,159.27,160.02,160.77,161.52,162.27,163.02,163.77,164.52,165.27,166.02,166.77,167.52,168.27,169.02,169.77,170.52,171.27,172.02,172.77,173.52,174.27,175.02
102.78,103.53,104.28,105.03,105.78,106.53,107.28,108.03,108.78,109.53,110.28,111.03,111.78,112.53,113.28,114.03,114.78,115.53,116.28,117.03,117.78,118.53,119.28,120.03,120.78,121.53,122.28,123.03,123.78,124.53,125.28,126.03,126.78,127.53,128.28,129.03,129.78,130.53,131.28,132.03,132.78,133.53,134.28,135.03,135.78,136.53,137.28,138.03,138.78,139.53,140.28,141.03,141.78,142.53,143.28,144.03,144.78,145.53,146.28,147.03,147.78,148.53,149.28,150.03,150.78,151.53,152.28,153.03,153.78,154.53,155.28,156.03,156.78,157.53,158.28,159.03,159.78,160.53,161.28,162.03,162.78,163.53,164.28,165.03,165.78,166.53,167.28,168.03,168.78,169.53,170.28,171.03,171.78,172.53,173.28,174.03,174.78,175.53,176.28,177.03
104.78,105.53,106.28,107.03,107.78,108.53,109.28,110.03,110.78,111.53,112.28,113.03,113.78,114.53,115.28,116.03,116.78,117.53,118.28,119.03,119.78,120.53,121.28,122.03,122.78,123.53,124.28,125.03,125.78,126.53,127.28,128.03,128.78,129.53,130.28,131.03,131.78,132.53,133.28,134.03,134.78,135.53,136.28,137.03,137.78,138.53,139.28,140.03,140.78,141.53,142.28,143.03,143.78,144.53,145.28,146.03,146.78,147.53,148.28,149.03,149.78,150.53,151.28,152.03,152.78,153.53,154.28,155.03,155.78,156.53,157.28,158.03,158.78,159.53,160.28,161.03,161.78,162.53,163.28,164.03,164.78,165.53,166.28,167.03,167.78,168.53,169.28,170.03,170.78,171.53,172.28,173.03,173.78,174.53,175.28,176.03,176.78,177.53,178.28,179.03
106.78,107.53,108.28,109.03,109.78,110.53,111.28,112.03,112.78,113.53,114.28,115.03,115.78,116.53,117.28,118.03,118.78,119.53,120.28,121.03,121.78,122.53,123.28,124.03,124.78,125.53,126.28,127.03,127.78,128.53,129.28,130.03,130.78,131.53,132.28,133.03,133.78,134.53,135.28,136.03,136.78,137.53,138.28,139.03,139.78,140.53,141.28,142.03,142.78,143.53,144.28,145.03,145.78,146.53,147.28,148.03,148.78,149.53,150.28,151.03,151.78,152.53,153.28,154.03,154.78,155.53,156.28,157.03,157.78,158.53,159.28,160.03,160.78,161.53,162.28,163.03,163.78,164.53,165.28,166.03,166.78,167.53,168.28,169.03,169.78,170.53,171.28,172.03,172.78,173.53,174.28,175.03,175.78,176.53,177.28,178.03,178.78,179.53,180.28,181.03
108.78,109.53,110.28,111.03,111.78,112.53,113.28,114.03,114.78,115.53,116.28,117.03,117.78,118.53,119.28,120.03,120.78,121.53,122.28,123.03,123.78,124.53,125.28,126.03,126.78,127.53,128.28,129.03,129.78,130.53,131.28,132.03,132.78,133.53,134.28,135.03,135.78,136.53,137.28,138.03,138.78,139.53,140.28,141.03,141.78,142.53,143.28,144.03,144.78,145.53,146.28,147.03,147.78,148.53,149.28,150.03,150.78,151.53,152.28,153.03,153.78,154.53,155.28,156.03,156.78,157.53,158.28,159.03,159.78,160.53,161.28,162.03,162.78,163.53,164.28,165.03,165.78,166.53,167.28,168.03,168.78,169.53,170.28,171.03,171.78,172.53,173.28,174.03,174.78,175.53,176.28,177.03,177.78,178.53,179.28,180.03,180.78,181.53,182.28,183.03
110.78,111.53,112.28,113.03,113.78,114.53,115.28,116.03,116.78,117.53,118.28,119.03,119.78,120.53,121.28,122.03,122.78,123.53,124.28,125.03,125.78,126.53,127.28,128.03,128.78,129.53,130.28,131.03,131.78,132.53,133.28,134.03,134.78,135.53,136.28,137.03,137.78,138.53,139.28,140.03,140.78,141.53,142.28,143.03,143.78,144.53,145.28,146.03,146.78,147.53,148.28,149.03,149.78,150.53,151.28,152.03,152.78,153.53,154.28,155.03,155.78,156.53,157.28,158.03,158.78,159.53,160.28,161.03,161.78,162.53,163.28,164.03,164.78,165.53,166.28,167.03,167.78,168.53,169.28,170.03,170.78,171.53,172.28,173.03,173.78,174.53,175.28,176.03,176.78,177.53,178.28,179.03,179.78,180.53,181.28,182.03,182.78,183.53,184.28,185.03
112.78,113.53,114.28,115.03,115.78,116.53,117.28,118.03,118.78,119.53,120.28,121.03,121.78,122.53,123.28,124.03,124.78,125.53,126.28,127.03,127.78,128.53,129.28,130.03,130.78,131.53,132.28,133.03,133.78,134.53,135.28,136.03,136.78,137.53,138.28,139.03,139.78,140.53,141.28,142.03,142.78,143.53,144.28,145.03,145.78,146.53,147.28,148.03,148.78,149.53,150.28,151.03,151.78,152.53,153.28,154.03,154.78,155.53,156.28,157.03,157.78,158.53,159.28,160.03,160.78,161.53,162.28,163.03,163.78,164.53,165.28,166.03,166.78,167.53,168.28,169.03,169.78,170.53,171.28,172.03,172.78,173.53,174.28,175.03,175.78,176.53,177.28,178.03,178.78,179.53,180.28,181.03,181.78,182.53,183.28,184.03,184.78,185.53,186.28,187.03
114.78,115.53,116.28,117.03,117.78,118.53,119.28,120.03,120.78,121.53,122.28,123.03,123.78,124.53,125.28,126.03,126.78,127.53,128.28,129.03,129.78,130.53,131.28,132.03,132.78,133.53,134.28,135.03,135.78,136.53,137.28,138.03,138.78,139.53,140.28,141.03,141.78,142.53,143.28,144.03,144.78,145.53,146.28,147.03,147.78,148.53,149.28,150.03,150.78,151.53,152.28,153.03,153.78,154.53,155.28,156.03,156.78,157.53,158.28,159.03,159.78,160.53,161.28,162.03,162.78,163.53,164.28,165.03,165.78,166.53,167.28,168.03,168.78,169.53,170.28,171.03,171.78,172.53,173.28,174.03,174.78,175.53,176.28,177.03,177.78,178.53,179.28,180.03,180.78,181.53,182.28,183.03,183.78,184.53,185.28,186.03,186.78,187.53,188.28,189.03
116.78,117.53,118.28,119.03,119.78,120.53,121.28,122.03,122.78,123.53,124.28,125.03,125.78,126.53,127.28,128.03,128.78,129.53,130.28,131.03,131.78,132.53,133.28,134.03,134.78,135.53,136.28,137.03,137.78,138.53,139.28,140.03,140.78,141.53,142.28,143.03,143.78,144.53,145.28,146.03,146.78,147.53,148.28,149.03,149.78,150.53,151.28,152.03,152.78,153.53,154.28,155.03,155.78,156.53,157.28,158.03,158.78,159.53,160.28,161.03,161.78,162.53,163.28,164.03,164.78,165.53,166.28,167.03,167.78,168.53,169.28,170.03,170.78,171.53,172.28,173.03,173.78,174.53,175.28,176.03,176.78,177.53,178.28,179.03,179.78,180.53,181.28,182.03,182.78,183.53,184.28,185.03,185.78,186.53,187.28,188.03,188.78,189.53,190.28,191.03
118.78,119.53,120.28,121.03,121.78,122.53,123.28,124.03,124.78,125.53,126.28,127.03,127.78,128.53,129.28,130.03,130.78,131.53,132.28,133.03,133.78,134.53,135.28,136.03,136.78,137.53,138.28,139.03,139.78,140.53,141.28,142.03,142.78,143.53,144.28,145.03,145.78,146.53,147.28,148.03,148.78,149.53,150.28,151.03,151.78,152.53,153.28,154.03,154.78,155.53,156.28,157.03,157.78,158.53,159.28,160.03,160.78,161.53,162.28,163.03,163.78,164.53,165.28,166.03,166.78,167.53,168.28,169.03,169.78,170.53,171.28,172.03,172.78,173.53,174.28,175.03,175.78,176.53,177.28,178.03,178.78,179.53,180.28,181.03,181.78,182.53,183.28,184.03,184.78,185.53,186.28,187.03,187.78,188.53,189.28,190.03,190.78,191.53,192.28,193.03
120.78,121.53,122.28,123.03,123.78,124.53,125.28,126.03,126.78,127.53,128.28,129.03,129.78,130.53,131.28,132.03,132.78,133.53,134.28,135.03,135.78,136.53,137.28,138.03,138.78,139.53,140.28,141.03,141.78,142.53,143.28,144.03,144.78,145.53,146.28,147.03,147.78,148.53,149.28,150.03,150.78,151.53,152.28,153.03,153.78,154.53,155.28,156.03,156.78,157.53,158.28,159.03,159.78,160.53,161.28,162.03,162.78,163.53,164.28,165.03,165.78,166.53,167.28,168.03,168.78,169.53,170.28,171.03,171.78,172.53,173.28,174.03,174.78,175.53,176.28,177.03,177.78,178.53,179.28,180.03,180.78,181.53,182.28,183.03,183.78,184.53,185.28,186.03,186.78,187.53,188.28,189.03,189.78,190.53,191.28,192.03,192.78,193.53,194.28,195.03
122.78,123.53,124.28,125.03,125.78,126.53,127.28,128.03,128.78,129.53,130.28,131.03,131.78,132.53,133.28,134.03,134.78,135.53,136.28,137.03,137.78,138.53,139.28,140.03,140.78,141.53,142.28,143.03,143.78,144.53,145.28,146.03,146.78,147.53,148.28,149.03,149.78,150.53,151.28,152.03,152.78,153.53,154.28,155.03,155.78,156.53,157.28,158.03,158.78,159.53,160.28,161.03,161.78,162.53,163.28,164.03,164.78,165.53,166.28,167.03,167.78,168.53,169.28,170.03,170.78,171.53,172.28,173.03,173.78,174.53,175.28,176.03,176.78,177.53,178.28,179.03,179.78,180.53,181.28,182.03,182.78,183.53,184.28,185.03,185.78,186.53,187.28,188.03,188.78,189.53,190.28,191.03,191.78,192.53,193.28,194.03,194.78,195.53,196.28,197.03
124.78,125.53,126.28,127.03,127.78,128.53,129.28,130.03,130.78,131.53,132.28,133.03,133.78,134.53,135.28,136.03,136.78,137.53,138.28,139.03,139.78,140.53,141.28,142.03,142.78,143.53,144.28,145.03,145.78,146.53,147.28,148.03,148.78,149.53,150.28,151.03,151.78,152.53,153.28,154.03,154.78,155.53,156.28,157.03,157.78,158.53,159.28,160.03,160.78,161.53,162.28,163.03,163.78,164.53,165.28,166.03,166.78,167.53,168.28,169.03,169.78,170.53,171.28,172.03,172.78,173.53,174.28,175.03,175.78,176.53,177.28,178.03,178.78,179.53,180.28,181.03,181.78,182.53,183.28,184.03,184.78,185.53,186.28,187.03,187.78,188.53,189.28,190.03,190.78,191.53,192.28,193.03,193.78,194.53,195.28,196.03,196.78,197.53,198.28,199.03
126.78,127.53,128.28,129.03,129.78,130.53,131.28,132.03,132.78,133.53,134.28,135.03,135.78,136.53,137.28,138.03,138.78,139.53,140.28,141.03,141.78,142.53,143.28,144.03,144.78,145.53,146.28,147.03,147.78,148.53,149.28,150.03,150.78,151.53,152.28,153.03,153.78,154.53,155.28,156.03,156.78,157.53,158.28,159.03,159.78,160.53,161.28,162.03,162.78,163.53,164.28,165.03,165.78,166.53,167.28,168.03,168.78,169.53,170.28,171.03,171.78,172.53,173.28,174.03,174.78,175.53,176.28,177.03,177.78,178.53,179.28,180.03,180.78,181.53,182.28,183.03,183.78,184.53,185.28,186.03,186.78,187.53,188.28,189.03,189.78,190.53,191.28,192.03,192.78,193.53,194.28,195.03,195.78,196.53,197.28,198.03,198.78,199.53,200.28,201.03
128.78,129.53,130.28,131.03,131.78,132.53,133.28,134.03,134.78,135.53,136.28,137.03,137.78,138.53,139.28,140.03,140.78,141.53,142.28,143.03,143.78,144.53,145.28,146.03,146.78,147.53,148.28,149.03,149.78,150.53,151.28,152.03,152.78,153.53,154.28,155.03,155.78,156.53,157.28,158.03,158.78,159.53,160.28,161.03,161.78,162.53,163.28,164.03,164.78,165.53,166.28,167.03,167.78,168.53,169.28,170.03,170.78,171.53,172.28,173.03,173.78,174.53,175.28,176.03,176.78,177.53,178.28,179.03,179.78,180.53,181.28,182.03,182.78,183.53,184.28,185.03,185.78,186.53,187.28,188.03,188.78,189.53,190.28,191.03,191.78,192.53,193.28,194.03,194.78,195.53,196.28,197.03,197.78,198.53,199.28,200.03,200.78,201.53,202.28,203.03
130.78,131.53,132.28,133.03,133.78,134.53,135.28,136.03,136.78,137.53,138.28,139.03,139.78,140.53,141.28,142.03,142.78,143.53,144.28,145.03,145.78,146.53,147.28,148.03,148.78,149.53,150.28,151.03,151.78,152.53,153.28,154.03,154.78,155.53,156.28,157.03,157.78,158.53,159.28,160.03,160.78,161.53,162.28,163.03,163.78,164.53,165.28,166.03,166.78,167.53,168.28,169.03,169.78,170.53,171.28,172.03,172.78,173.53,174.28,175.03,175.78,176.53,177.28,178.03,178.78,179.53,180.28,181.03,181.78,182.53,183.28,184.03,184.78,185.53,186.28,187.03,187.78,188.53,189.28,190.03,190.78,191.53,192.28,193.03,193.78,194.53,195.28,196.03,196.78,197.53,198.28,199.03,199.78,200.53,201.28,202.03,202.78,203.53,204.28,205.03
132.78,133.53,134.28,135.03,135.78,136.53,137.28,138.03,138.78,139.53,140.28,141.03,141.78,142.53,143.28,144.03,144.78,145.53,146.28,147.03,147.78,148.53,149.28,150.03,150.78,151.53,152.28,153.03,153.78,154.53,155.28,156.03,156.78,157.53,158.28,159.03,159.78,160.53,161.28,162.03,162.78,163.53,164.28,165.03,165.78,166.53,167.28,168.03,168.78,169.53,170.28,171.03,171.78,172.53,173.28,174.03,174.78,175.53,176.28,177.03,177.78,178.53,179.28,180.03,180.78,181.53,182.28,183.03,183.78,184.53,185.28,186.03,186.78,187.53,188.28,189.03,189.78,190.53,191.28,192.03,192.78,193.53,194.28,195.03,195.78,196.53,197.28,198.03,198.78,199.53,200.28,201.03,201.78,202.53,203.28,204.03,204.78,205.53,206.28,207.03
134.78,135.53,136.28,137.03,137.78,138.53,139.28,140.03,140.78,141.53,142.28,143.03,143.78,144.53,145.28,146.03,146.78,147.53,148.28,149.03,149.78,150.53,151.28,152.03,152.78,153.53,154.28,155.03,155.78,156.53,157.28,158.03,158.78,159.53,160.28,161.03,161.78,162.53,163.28,164.03,164.78,165.53,166.28,167.03,167.78,168.53,169.28,170.03,170.78,171.53,172.28,173.03,173.78,174.53,175.28,176.03,176.78,177.53,178.28,179.03,179.78,180.53,181.28,182.03,182.78,183.53,184.28,185.03,185.78,186.53,187.28,188.03,188.78,189.53,190.28,191.03,191.78,192.53,193.28,194.03,194.78,195.53,196.28,197.03,197.78,198.53,199.28,200.03,200.78,201.53,202.28,203.03,203.78,204.53,205.28,206.03,206.78,207.53,208.28,209.03
136.78,137.53,138.28,139.03,139.78,140.53,141.28,142.03,142.78,143.53,144.28,145.03,145.78,146.53,147.28,148.03,148.78,149.53,150.28,151.03,151.78,152.53,153.28,154.03,154.78,155.53,156.28,157.03,157.78,158.53,159.28,160.03,160.78,161.53,162.28,163.03,163.78,164.53,165.28,166.03,166.78,167.53,168.28,169.03,169.78,170.53,171.28,172.03,172.78,173.53,174.28,175.03,175.78,176.53,177.28,178.03,178.78,179.53,180.28,181.03,181.78,182.53,183.28,184.03,184.78,185.53,186.28,187.03,187.78,188.53,189.28,190.03,190.78,191.53,192.28,193.03,193.78,194.53,195.28,196.03,196.78,197.53,198.28,199.03,199.78,200.53,201.28,202.03,202.78,203.53,204.28,205.03,205.78,206.53,207.28,208.03,208.78,209.53,210.28,211.03
138.78,139.53,140.28,141.03,141.78,142.53,143.28,144.03,144.78,145.53,146.28,147.03,147.78,148.53,149.28,150.03,150.78,151.53,152.28,153.03,153.78,154.53,155.28,156.03,156.78,157.53,158.28,159.03,159.78,160.53,161.28,162.03,162.78,163.53,164.28,165.03,165.78,166.53,167.28,168.03,168.78,169.53,170.28,171.03,171.78,172.53,173.28,174.03,174.78,175.53,176.28,177.03,177.78,178.53,179.28,180.03,180.78,181.53,182.28,183.03,183.78,184.53,185.28,186.03,186.78,187.53,188.28,189.03,189.78,190.53,191.28,192.03,192.78,193.53,194.28,195.03,195.78,196.53,197.28,198.03,198.78,199.53,200.28,201.03,201.78,202.53,203.28,204.03,204.78,205.53,206.28,207.03,207.78,208.53,209.28,210.03,210.78,211.53,212.28,213.03
140.78,141.53,142.28,143.03,143.78,144.53,145.28,146.03,146.78,147.53,148.28,149.03,149.78,150.53,151.28,152.03,152.78,153.53,154.28,155.03,155.78,156.53,157.28,158.03,158.78,159.53,160.28,161.03,161.78,162.53,163.28,164.03,164.78,165.53,166.28,167.03,167.78,168.53,169.28,170.03,170.78,171.53,172.28,173.03,173.78,174.53,175.28,176.03,176.78,177.53,178.28,179.03,179.78,180.53,181.28,182.03,182.78,183.53,184.28,185.03,185.78,186.53,187.28,188.03,188.78,189.53,190.28,191.03,191.78,192.53,193.28,194.03,194.78,195.53,196.28,197.03,197.78,198.53,199.28,200.03,200.78,201.53,202.28,203.03,203.78,204.53,205.28,206.03,206.78,207.53,208.28,209.03,209.78,210.53,211.28,212.03,212.78,213.53,214.28,215.03
142.79,143.54,144.29,145.04,145.79,146.54,147.29,148.04,148.79,149.54,150.29,151.04,151.79,152.54,153.29,154.04,154.79,155.54,156.29,157.04,157.79,158.54,159.29,160.04,160.79,161.54,162.29,163.04,163.79,164.54,165.29,166.04,166.79,167.54,168.29,169.04,169.79,170.54,171.29,172.04,172.79,173.54,174.29,175.04,175.79,176.54,177.29,178.04,178.79,179.54,180.29,181.04,181.79,182.54,183.29,184.04,184.79,185.54,186.29,187.04,187.79,188.54,189.29,190.04,190.79,191.54,192.29,193.04,193.79,194.54,195.29,196.04,196.79,197.54,198.29,199.04,199.79,200.54,201.29,202.04,202.79,203.54,204.29,205.04,205.79,206.54,207.29,208.04,208.79,209.54,210.29,211.04,211.79,212.54,213.29,214.04,214.79,215.54,216.29,217.04
144.79,145.54,146.29,147.04,147.79,148.54,149.29,150.04,150.79,151.54,152.29,153.04,153.79,154.54,155.29,156.04,156.79,157.54,158.29,159.04,159.79,160.54,161.29,162.04,162.79,163.54,164.29,165.04,165.79,166.54,167.29,168.04,168.79,169.54,170.29,171.04,171.79,172.54,173.29,174.04,174.79,175.54,176.29,177.04,177.79,178.54,179.29,180.04,180.79,181.54,182.29,183.04,183.79,184.54,185.29,186.04,186.79,187.54,188.29,189.04,189.79,190.54,191.29,192.04,192.79,193.54,194.29,195.04,195.79,196.54,197.29,198.04,198.79,199.54,200.29,201.04,201.79,202.54,203.29,204.04,204.79,205.54,206.29,207.04,207.79,208.54,209.29,210.04,210.79,211.54,212.29,213.04,213.79,214.54,215.29,216.04,216.79,217.54,218.29,219.04
146.79,147.54,148.29,149.04,149.79,150.54,151.29,152.04,152.79,153.54,154.29,155.04,155.79,156.54,157.29,158.04,158.79,159.54,160.29,161.04,161.79,162.54,163.29,164.04,164.79,165.54,166.29,167.04,167.79,168.54,169.29,170.04,170.79,171.54,172.29,173.04,173.79,174.54,175.29,176.04,176.79,177.54,178.29,179.04,179.79,180.54,181.29,182.04,182.79,183.54,184.29,185.04,185.79,186.54,187.29,188.04,188.79,189.54,190.29,191.04,191.79,192.54,193.29,194.04,194.79,195.54,196.29,197.04,197.79,198.54,199.29,200.04,200.79,201.54,202.29,203.04,203.79,204.54,205.29,206.04,206.79,207.54,208.29,209.04,209.79,210.54,211.29,212.04,212.79,213.54,214.29,215.04,215.79,216.54,217.29,218.04,218.79,219.54,220.29,221.04
148.79,149.54,150.29,151.04,151.79,152.54,153.29,154.04,154.79,155.54,156.29,157.04,157.79,158.54,159.29,160.04,160.79,161.54,162.29,163.04,163.79,164.54,165.29,166.04,166.79,167.54,168.29,169.04,169.79,170.54,171.29,172.04,172.79,173.54,174.29,175.04,175.79,176.54,177.29,178.04,178.79,179.54,180.29,181.04,181.79,182.54,183.29,184.04,184.79,185.54,186.29,187.04,187.79,188.54,189.29,190.04,190.79,191.54,192.29,193.04,193.79,194.54,195.29,196.04,196.79,197.54,198.29,199.04,199.79,200.54,201.29,202.04,202.79,203.54,204.29,205.04,205.79,206.54,207.29,208.04,208.79,209.54,210.29,211.04,211.79,212.54,213.29,214.04,214.79,215.54,216.29,217.04,217.79,218.54,219.29,220.04,220.79,221.54,222.29,223.04
150.79,151.54,152.29,153.04,153.79,154.54,155.29,156.04,156.79,157.54,158.29,159.04,159.79,160.54,161.29,162.04,162.79,163.54,164.29,165.04,165.79,166.54,167.29,168.04,168.79,169.54,170.29,171.04,171.79,172.54,173.29,174.04,174.79,175.54,176.29,177.04,177.79,178.54,179.29,180.04,180.79,181.54,182.29,183.04,183.79,184.54,185.29,186.04,186.79,187.54,188.29,189.04,189.79,190.54,191.29,192.04,192.79,193.54,194.29,195.04,195.79,196.54,197.29,198.04,198.79,199.54,200.29,201.04,201.79,202.54,203.29,204.04,204.79,205.54,206.29,207.04,207.79,208.54,209.29,210.04,210.79,211.54,212.29,213.04,213.79,214.54,215.29,216.04,216.79,217.54,218.29,219.04,219.79,220.54,221.29,222.04,222.79,223.54,224.29,225.04
152.79,153.54,154.29,155.04,155.79,156.54,157.29,158.04,158.79,159.54,160.29,161.04,161.79,162.54,163.29,164.04,164.79,165.54,166.29,167.04,167.79,168.54,169.29,170.04,170.79,171.54,172.29,173.04,173.79,174.54,175.29,176.04,176.79,177.54,178.29,179.04,179.79,180.54,181.29,182.04,182.79,183.54,184.29,185.04,185.79,186.54,187.29,188.04,188.79,189.54,190.29,191.04,191.79,192.54,193.29,194.04,194.79,195.54,196.29,197.04,197.79,198.54,199.29,200.04,200.79,201.54,202.29,203.04,203.79,204.54,205.29,206.04,206.79,207.54,208.29,209.04,209.79,210.54,211.29,212.04,212.79,213.54,214.29,215.04,215.79,216.54,217.29,218.04,218.79,219.54,220.29,221.04,221.79,222.54,223.29,224.04,224.79,225.54,226.29,227.04
154.79,155.54,156.29,157.04,157.79,158.54,159.29,160.04,160.79,161.54,162.29,163.04,163.79,164.54,165.29,166.04,166.79,167.54,168.29,169.04,169.79,170.54,171.29,172.04,172.79,173.54,174.29,175.04,175.79,176.54,177.29,178.04,178.79,179.54,180.29,181.04,181.79,182.54,183.29,184.04,184.79,185.54,186.29,187.04,187.79,188.54,189.29,190.04,190.79,191.54,192.29,193.04,193.79,194.54,195.29,196.04,196.79,197.54,198.29,199.04,199.79,200.54,201.29,202.04,202.79,203.54,204.29,205.04,205.79,206.54,207.29,208.04,208.79,209.54,210.29,211.04,211.79,212.54,213.29,214.04,214.79,215.54,216.29,217.04,217.79,218.54,219.29,220.04,220.79,221.54,222.29,223.04,223.79,224.54,225.29,226.04,226.79,227.54,228.29,229.04
156.79,157.54,158.29,159.04,159.79,160.54,161.29,162.04,162.79,163.54,164.29,165.04,165.79,166.54,167.29,168.04,168.79,169.54,170.29,171.04,171.79,172.54,173.29,174.04,174.79,175.54,176.29,177.04,177.79,178.54,179.29,180.04,180.79,181.54,182.29,183.04,183.79,184.54,185.29,186.04,186.79,187.54,188.29,189.04,189.79,190.54,191.29,192.04,192.79,193.54,194.29,195.04,195.79,196.54,197.29,198.04,198.79,199.54,200.29,201.04,201.79,202.54,203.29,204.04,204.79,205.54,206.29,207.04,207.79,208.54,209.29,210.04,210.79,211.54,212.29,213.04,213.79,214.54,215.29,216.04,216.79,217.54,218.29,219.04,219.79,220.54,221.29,222.04,222.79,223.54,224.29,225.04,225.79,226.54,227.29,228.04,228.79,229.54,230.29,231.04
158.79,159.54,160.29,161.04,161.79,162.54,163.29,164.04,164.79,165.54,166.29,167.04,167.79,168.54,169.29,170.04,170.79,171.54,172.29,173.04,173.79,174.54,175.29,176.04,176.79,177.54,178.29,179.04,179.79,180.54,181.29,182.04,182.79,183.54,184.29,185.04,185.79,186.54,187.29,188.04,188.79,189.54,190.29,191.04,191.79,192.54,193.29,194.04,194.79,195.54,196.29,197.04,197.79,198.54,199.29,200.04,200.79,201.54,202.29,203.04,203.79,204.54,205.29,206.04,206.79,207.54,208.29,209.04,209.79,210.54,211.29,212.04,212.79,213.54,214.29,215.04,215.79,216.54,217.29,218.04,218.79,219.54,220.29,221.04,221.79,222.54,223.29,224.04,224.79,225.54,226.29,227.04,227.79,228.54,229.29,230.04,230.79,231.54,232.29,233.04
160.79,161.54,162.29,163.04,163.79,164.54,165.29,166.04,166.79,167.54,168.29,169.04,169.79,170.54,171.29,172.04,172.79,173.54,174.29,175.04,175.79,176.54,177.29,178.04,178.79,179.54,180.29,181.04,181.79,182.54,183.29,184.04,184.79,185.54,186.29,187.04,187.79,188.54,189.29,190.04,190.79,191.54,192.29,193.04,193.79,194.54,195.29,196.04,196.79,197.54,198.29,199.04,199.79,200.54,201.29,202.04,202.79,203.54,204.29,205.04,205.79,206.54,207.29,208.04,208.79,209.54,210.29,211.04,211.79,212.54,213.29,214.04,214.79,215.54,216.29,217.04,217.79,218.54,219.29,220.04,220.79,221.54,222.29,223.04,223.79,224.54,225.29,226.04,226.79,227.54,228.29,229.04,229.79,230.54,231.29,232.04,232.79,233.54,234.29,235.04
162.79,163.54,164.29,165.04,165.79,166.54,167.29,168.04,168.79,169.54,170.29,171.04,171.79,172.54,173.29,174.04,174.79,175.54,176.29,177.04,177.79,178.54,179.29,180.04,180.79,181.54,182.29,183.04,183.79,184.54,185.29,186.04,186.79,187.54,188.29,189.04,189.79,190.54,191.29,192.04,192.79,193.54,194.29,195.04,195.79,196.54,197.29,198.04,198.79,199.54,200.29,201.04,201.79,202.54,203.29,204.04,204.79,205.54,206.29,207.04,207.79,208.54,209.29,210.04,210.79,211.54,212.29,213.04,213.79,214.54,215.29,216.04,216.79,217.54,218.29,219.04,219.79,220.54,221.29,222.04,222.79,223.54,224.29,225.04,225.79,226.54,227.29,228.04,228.79,229.54,230.29,231.04,231.79,232.54,233.29,234.04,234.79,235.54,236.29,237.04
164.79,165.54,166.29,167.04,167.79,168.54,169.29,170.04,170.79,171.54,172.29,173.04,173.79,174.54,175.29,176.04,176.79,177.54,178.29,179.04,179.79,180.54,181.29,182.04,182.79,183.54,184.29,185.04,185.79,186.54,187.29,188.04,188.79,189.54,190.29,191.04,191.79,192.54,193.29,194.04,194.79,195.54,196.29,197.04,197.79,198.54,199.29,200.04,200.79,201.54,202.29,203.04,203.79,204.54,205.29,206.04,206.79,207.54,208.29,209.04,209.79,210.54,211.29,212.04,212.79,213.54,214.29,215.04,215.79,216.54,217.29,218.04,218.79,219.54,220.29,221.04,221.79,222.54,223.29,224.04,224.79,225.54,226.29,227.04,227.79,228.54,229.29,230.04,230.79,231.54,232.29,233.04,233.79,234.54,235.29,236.04,236.79,237.54,238.29,239.04
166.79,167.54,168.29,169.04,169.79,170.54,171.29,172.04,172.79,173.54,174.29,175.04,175.79,176.54,177.29,178.04,178.79,179.54,180.29,181.04,181.79,182.54,183.29,184.04,184.79,185.54,186.29,187.04,187.79,188.54,189.29,190.04,190.79,191.54,192.29,193.04,193.79,194.54,195.29,196.04,196.79,197.54,198.29,199.04,199.79,200.54,201.29,202.04,202.79,203.54,204.29,205.04,205.79,206.54,207.29,208.04,208.79,209.54,210.29,211.04,211.79,212.54,213.29,214.04,214.79,215.54,216.29,217.04,217.79,218.54,219.29,220.04,220.79,221.54,222.29,223.04,223.79,224.54,225.29,226.04,226.79,227.54,228.29,229.04,229.79,230.54,231.29,232.04,232.79,233.54,234.29,235.04,235.79,236.54,237.29,238.04,238.79,239.54,240.29,241.04
168.79,169.54,170.29,171.04,171.79,172.54,173.29,174.04,174.79,175.54,176.29,177.04,177.79,178.54,179.29,180.04,180.79,181.54,182.29,183.04,183.79,184.54,185.29,186.04,186.79,187.54,188.29,189.04,189.79,190.54,191.29,192.04,192.79,193.54,194.29,195.04,195.79,196.54,197.29,198.04,198.79,199.54,200.29,201.04,201.79,202.54,203.29,204.04,204.79,205.54,206.29,207.04,207.79,208.54,209.29,210.04,210.79,211.54,212.29,213.04,213.79,214.54,215.29,216.04,216.79,217.54,218.29,219.04,219.79,220.54,221.29,222.04,222.79,223.54,224.29,225.04,225.79,226.54,227.29,228.04,228.79,229.54,230.29,231.04,231.79,232.54,233.29,234.04,234.79,235.54,236.29,237.04,237.79,238.54,239.29,240.04,240.79,241.54,242.29,243.04
170.79,171.54,172.29,173.04,173.79,174.54,175.29,176.04,176.79,177.54,178.29,179.04,179.79,180.54,181.29,182.04,182.79,183.54,184.29,185.04,185.79,186.54,187.29,188.04,188.79,189.54,190.29,191.04,191.79,192.54,193.29,194.04,194.79,195.54,196.29,197.04,197.79,198.54,199.29,200.04,200.79,201.54,202.29,203.04,203.79,204.54,205.29,206.04,206.79,207.54,208.29,209.04,209.79,210.54,211.29,212.04,212.79,213.54,214.29,215.04,215.79,216.54,217.29,218.04,218.79,219.54,220.29,221.04,221.79,222.54,223.29,224.04,224.79,225.54,226.29,227.04,227.79,228.54,229.29,230.04,230.79,231.54,232.29,233.04,233.79,234.54,235.29,236.04,236.79,237.54,238.29,239.04,239.79,240.54,241.29,242.04,242.79,243.54,244.29,245.04
172.79,173.54,174.29,175.04,175.79,176.54,177.29,178.04,178.79,179.54,180.29,181.04,181.79,182.54,183.29,184.04,184.79,185.54,186.29,187.04,187.79,188.54,189.29,190.04,190.79,191.54,192.29,193.04,193.79,194.54,195.29,196.04,196.79,197.54,198.29,199.04,199.79,200.54,201.29,202.04,202.79,203.54,204.29,205.04,205.79,206.54,207.29,208.04,208.79,209.54,210.29,211.04,211.79,212.54,213.29,214.04,214.79,215.54,216.29,217.04,217.79,218.54,219.29,220.04,220.79,221.54,222.29,223.04,223.79,224.54,225.29,226.04,226.79,227.54,228.29,229.04,229.79,230.54,231.29,232.04,232.79,233.54,234.29,235.04,235.79,236.54,237.29,238.04,238.79,239.54,240.29,241.04,241.79,242.54,243.29,244.04,244.79,245.54,246.29,247.04
174.79,175.54,176.29,177.04,177.79,178.54,179.29,180.04,180.79,181.54,182.29,183.04,183.79,184.54,185.29,186.04,186.79,187.54,188.29,189.04,189.79,190.54,191.29,192.04,192.79,193.54,194.29,195.04,195.79,196.54,197.29,198.04,198.79,199.54,200.29,201.04,201.79,202.54,203.29,204.04,204.79,205.54,206.29,207.04,207.79,208.54,209.29,210.04,210.79,211.54,212.29,213.04,213.79,214.54,215.29,216.04,216.79,217.54,218.29,219.04,219.79,220.54,221.29,222.04,222.79,223.54,224.29,225.04,225.79,226.54,227.29,228.04,228.79,229.54,230.29,231.04,231.79,232.54,233.29,234.04,234.79,235.54,236.29,237.04,237.79,238.54,239.29,240.04,240.79,241.54,242.29,243.04,243.79,244.54,245.29,246.04,246.79,247.54,248.29,249.04
176.79,177.54,178.29,179.04,179.79,180.54,181.29,182.04,182.79,183.54,184.29,185.04,185.79,186.54,187.29,188.04,188.79,189.54,190.29,191.04,191.79,192.54,193.29,194.04,194.79,195.54,196.29,197.04,197.79,198.54,199.29,200.04,200.79,201.54,202.29,203.04,203.79,204.54,205.29,206.04,206.79,207.54,208.29,209.04,209.79,210.54,211.29,212.04,212.79,213.54,214.29,215.04,215.79,216.54,217.29,218.04,218.79,219.54,220.29,221.04,221.79,222.54,223.29,224.04,224.79,225.54,226.29,227.04,227.79,228.54,229.29,230.04,230.79,231.54,232.29,233.04,233.79,234.54,235.29,236.04,236.79,237.54,238.29,239.04,239.79,240.54,241.29,242.04,242.79,243.54,244.29,245.04,245.79,246.54,247.29,248.04,248.79,249.54,250.29,251.04
178.79,179.54,180.29,181.04,181.79,182.54,183.29,184.04,184.79,185.54,186.29,187.04,187.79,188.54,189.29,190.04,190.79,191.54,192.29,193.04,193.79,194.54,195.29,196.04,196.79,197.54,198.29,199.04,199.79,200.54,201.29,202.04,202.79,203.54,204.29,205.04,205.79,206.54,207.29,208.04,208.79,209.54,210.29,211.04,211.79,212.54,213.29,214.04,214.79,215.54,216.29,217.04,217.79,218.54,219.29,220.04,220.79,221.54,222.29,223.04,223.79,224.54,225.29,226.04,226.79,227.54,228.29,229.04,229.79,230.54,231.29,232.04,232.79,233.54,234.29,235.04,235.79,236.54,237.29,238.04,238.79,239.54,240.29,241.04,241.79,242.54,243.29,244.04,244.79,245.54,246.29,247.04,247.79,248.54,249.29,250.04,250.79,251.54,252.29,253.04
180.79,181.54,182.29,183.04,183.79,184.54,185.29,186.04,186.79,187.54,188.29,189.04,189.79,190.54,191.29,192.04,192.79,193.54,194.29,195.04,195.79,196.54,197.29,198.04,198.79,199.54,200.29,201.04,201.79,202.54,203.29,204.04,204.79,205.54,206.29,207.04,207.79,208.54,209.29,210.04,210.79,211.54,212.29,213.04,213.79,214.54,215.29,216.04,216.79,217.54,218.29,219.04,219.79,220.54,221.29,222.04,222.79,223.54,224.29,225.04,225.79,226.54,227.29,228.04,228.79,229.54,230.29,231.04,231.79,232.54,233.29,234.04,234.79,235.54,236.29,237.04,237.79,238.54,239.29,240.04,240.79,241.54,242.29,243.04,243.79,244.54,245.29,246.04,246.79,247.54,248.29,249.04,249.79,250.54,251.29,252.04,252.79,253.54,254.29,255.04
182.8,183.55,184.3,185.05,185.8,186.55,187.3,188.05,188.8,189.55,190.3,191.05,191.8,192.55,193.3,194.05,194.8,195.55,196.3,197.05,197.8,198.55,199.3,200.05,200.8,201.55,202.3,203.05,203.8,204.55,205.3,206.05,206.8,207.55,208.3,209.05,209.8,210.55,211.3,212.05,212.8,213.55,214.3,215.05,215.8,216.55,217.3,218.05,218.8,219.55,220.3,221.05,221.8,222.55,223.3,224.05,224.8,225.55,226.3,227.05,227.8,228.55,229.3,230.05,230.8,231.55,232.3,233.05,233.8,234.55,235.3,236.05,236.8,237.55,238.3,239.05,239.8,240.55,241.3,242.05,242.8,243.55,244.3,245.05,245.8,246.55,247.3,248.05,248.8,249.55,250.3,251.05,251.8,252.55,253.3,254.05,254.8,255.55,256.3,257.05
184.8,185.55,186.3,187.05,187.8,188.55,189.3,190.05,190.8,191.55,192.3,193.05,193.8,194.55,195.3,196.05,196.8,197.55,198.3,199.05,199.8,200.55,201.3,202.05,202.8,203.55,204.3,205.05,205.8,206.55,207.3,208.05,208.8,209.55,210.3,211.05,211.8,212.55,213.3,214.05,214.8,215.55,216.3,217.05,217.8,218.55,219.3,220.05,220.8,221.55,222.3,223.05,223.8,224.55,225.3,226.05,226.8,227.55,228.3,229.05,229.8,230.55,231.3,232.05,232.8,233.55,234.3,235.05,235.8,236.55,237.3,238.05,238.8,239.55,240.3,241.05,241.8,242.55,243.3,244.05,244.8,245.55,246.3,247.05,247.8,248.55,249.3,250.05,250.8,251.55,252.3,253.05,253.8,254.55,255.3,256.05,256.8,257.55,258.3,259.05
186.8,187.55,188.3,189.05,189.8,190.55,191.3,192.05,192.8,193.55,194.3,195.05,195.8,196.55,197.3,198.05,198.8,199.55,200.3,201.05,201.8,202.55,203.3,204.05,204.8,205.55,206.3,207.05,207.8,208.55,209.3,210.05,210.8,211.55,212.3,213.05,213.8,214.55,215.3,216.05,216.8,217.55,218.3,219.05,219.8,220.55,221.3,222.05,222.8,223.55,224.3,225.05,225.8,226.55,227.3,228.05,228.8,229.55,230.3,231.05,231.8,232.55,233.3,234.05,234.8,235.55,236.3,237.05,237.8,238.55,239.3,240.05,240.8,241.55,242.3,243.05,243.8,244.55,245.3,246.05,246.8,247.55,248.3,249.05,249.8,250.55,251.3,252.05,252.8,253.55,254.3,255.05,255.8,256.55,257.3,258.05,258.8,259.55,260.3,261.05
188.8,189.55,190.3,191.05,191.8,192.55,193.3,194.05,194.8,195.55,196.3,197.05,197.8,198.55,199.3,200.05,200.8,201.55,202.3,203.05,203.8,204.55,205.3,206.05,206.8,207.55,208.3,209.05,209.8,210.55,211.3,212.05,212.8,213.55,214.3,215.05,215.8,216.55,217.3,218.05,218.8,219.55,220.3,221.05,221.8,222.55,223.3,224.05,224.8,225.55,226.3,227.05,227.8,228.55,229.3,230.05,230.8,231.55,232.3,233.05,233.8,234.55,235.3,236.05,236.8,237.55,238.3,239.05,239.8,240.55,241.3,242.05,242.8,243.55,244.3,245.05,245.8,246.55,247.3,248.05,248.8,249.55,250.3,251.05,251.8,252.55,253.3,254.05,254.8,255.55,256.3,257.05,257.8,258.55,259.3,260.05,260.8,261.55,262.3,263.05
190.8,191.55,192.3,193.05,193.8,194.55,195.3,196.05,196.8,197.55,198.3,199.05,199.8,200.55,201.3,202.05,202.8,203.55,204.3,205.05,205.8,206.55,207.3,208.05,208.8,209.55,210.3,211.05,211.8,212.55,213.3,214.05,214.8,215.55,216.3,217.05,217.8,218.55,219.3,220.05,220.8,221.55,222.3,223.05,223.8,224.55,225.3,226.05,226.8,227.55,228.3,229.05,229.8,230.55,231.3,232.05,232.8,233.55,234.3,235.05,235.8,236.55,237.3,238.05,238.8,239.55,240.3,241.05,241.8,242.55,243.3,244.05,244.8,245.55,246.3,247.05,247.8,248.55,249.3,250.05,250.8,251.55,252.3,253.05,253.8,254.55,255.3,256.05,256.8,257.55,258.3,259.05,259.8,260.55,261.3,262.05,262.8,263.55,264.3,265.05
192.8,193.55,194.3,195.05,195.8,196.55,197.3,198.05,198.8,199.55,200.3,201.05,201.8,202.55,203.3,204.05,204.8,205.55,206.3,207.05,207.8,208.55,209.3,210.05,210.8,211.55,212.3,213.05,213.8,214.55,215.3,216.05,216.8,217.55,218.3,219.05,219.8,220.55,221.3,222.05,222.8,223.55,224.3,225.05,225.8,226.55,227.3,228.05,228.8,229.55,230.3,231.05,231.8,232.55,233.3,234.05,234.8,235.55,236.3,237.05,237.8,238.55,239.3,240.05,240.8,241.55,242.3,243.05,243.8,244.55,245.3,246.05,246.8,247.55,248.3,249.05,249.8,250.55,251.3,252.05,252.8,253.55,254.3,255.05,255.8,256.55,257.3,258.05,258.8,259.55,260.3,261.05,261.8,262.55,263.3,264.05,264.8,265.55,266.3,267.05
194.8,195.55,196.3,197.05,197.8,198.55,199.3,200.05,200.8,201.55,202.3,203.05,203.8,204.55,205.3,206.05,206.8,207.55,208.3,209.05,209.8,210.55,211.3,212.05,212.8,213.55,214.3,215.05,215.8,216.55,217.3,218.05,218.8,219.55,220.3,221.05,221.8,222.55,223.3,224.05,224.8,225.55,226.3,227.05,227.8,228.55,229.3,230.05,230.8,231.55,232.3,233.05,233.8,234.55,235.3,236.05,236.8,237.55,238.3,239.05,239.8,240.55,241.3,242.05,242.8,243.55,244.3,245.05,245.8,246.55,247.3,248.05,248.8,249.55,250.3,251.05,251.8,252.55,253.3,254.05,254.8,255.55,256.3,257.05,257.8,258.55,259.3,260.05,260.8,261.55,262.3,263.05,263.8,264.55,265.3,266.05,266.8,267.55,268.3,269.05
196.8,197.55,198.3,199.05,199.8,200.55,201.3,202.05,202.8,203.55,204.3,205.05,205.8,206.55,207.3,208.05,208.8,209.55,210.3,211.05,211.8,212.55,213.3,214.05,214.8,215.55,216.3,217.05,217.8,218.55,219.3,220.05,220.8,221.55,222.3,223.05,223.8,224.55,225.3,226.05,226.8,227.55,228.3,229.05,229.8,230.55,231.3,232.05,232.8,233.55,234.3,235.05,235.8,236.55,237.3,238.05,238.8,239.55,240.3,241.05,241.8,242.55,243.3,244.05,244.8,245.55,246.3,247.05,247.8,248.55,249.3,250.05,250.8,251.55,252.3,253.05,253.8,254.55,255.3,256.05,256.8,257.55,258.3,259.05,259.8,260.55,261.3,262.05,262.8,263.55,264.3,265.05,265.8,266.55,267.3,268.05,268.8,269.55,270.3,271.05
198.8,199.55,200.3,201.05,201.8,202.55,203.3,204.05,204.8,205.55,206.3,207.05,207.8,208.55,209.3,210.05,210.8,211.55,212.3,213.05,213.8,214.55,215.3,216.05,216.8,217.55,218.3,219.05,219.8,220.55,221.3,222.05,222.8,223.55,224.3,225.05,225.8,226.55,227.3,228.05,228.8,229.55,230.3,231.05,231.8,232.55,233.3,234.05,234.8,235.55,236.3,237.05,237.8,238.55,239.3,240.05,240.8,241.55,242.3,243.05,243.8,244.55,245.3,246.05,246.8,247.55,248.3,249.05,249.8,250.55,251.3,252.05,252.8,253.55,254.3,255.05,255.8,256.55,257.3,258.05,258.8,259.55,260.3,261.05,261.8,262.55,263.3,264.05,264.8,265.55,266.3,267.05,267.8,268.55,269.3,270.05,270.8,271.55,272.3,273.05
200.8,201.55,202.3,203.05,203.8,204.55,205.3,206.05,206.8,207.55,208.3,209.05,209.8,210.55,211.3,212.05,212.8,213.55,214.3,215.05,215.8,216.55,217.3,218.05,218.8,219.55,220.3,221.05,221.8,222.55,223.3,224.05,224.8,225.55,226.3,227.05,227.8,228.55,229.3,230.05,230.8,231.55,232.3,233.05,233.8,234.55,235.3,236.05,236.8,237.55,238.3,239.05,239.8,240.55,241.3,242.05,242.8,243.55,244.3,245.05,245.8,246.55,247.3,248.05,248.8,249.55,250.3,251.05,251.8,252.55,253.3,254.05,254.8,255.55,256.3,257.05,257.8,258.55,259.3,260.05,260.8,261.55,262.3,263.05,263.8,264.55,265.3,266.05,266.8,267.55,268.3,269.05,269.8,270.55,271.3,272.05,272.8,273.55,274.3,275.05
