1.8933,2.8899,3.8865,4.8832,5.8798,6.8764,7.873,8.8696,9.8662,10.863,11.859,12.856,13.853,14.849,15.846,16.843,17.839,18.836,19.832,20.829,21.826,22.822,23.819,24.815,25.812,26.809,27.805,28.802,29.798,30.795,31.792,32.788,33.785,34.782,35.778,36.775,37.771,38.768,39.765,40.761,41.758,42.754,43.751,44.748,45.744,46.741,47.738,48.734,49.731,50.727,51.724,52.721,53.717,54.714,55.71,56.707,57.704,58.7,59.697,60.693,61.69,62.687,63.683,64.68,65.677,66.673,67.67,68.666,69.663,70.66,71.656,72.653,73.649,74.646,75.643,76.639,77.636,78.633,79.629,80.626,81.622,82.619,83.616,84.612,85.609,86.605,87.602,88.599,89.595,90.592,91.589,92.585,93.582,94.578,95.575,96.572,97.568,98.565,99.561,100.56
2.79,3.7866,4.7832,5.7799,6.7765,7.7731,8.7697,9.7663,10.763,11.76,12.756,13.753,14.749,15.746,16.743,17.739,18.736,19.732,20.729,21.726,22.722,23.719,24.716,25.712,26.709,27.705,28.702,29.699,30.695,31.692,32.688,33.685,34.682,35.678,36.675,37.671,38.668,39.665,40.661,41.658,42.655,43.651,44.648,45.644,46.641,47.638,48.634,49.631,50.627,51.624,52.621,53.617,54.614,55.611,56.607,57.604,58.6,59.597,60.594,61.59,62.587,63.583,64.58,65.577,66.573,67.57,68.566,69.563,70.56,71.556,72.553,73.55,74.546,75.543,76.539,77.536,78.533,79.529,80.526,81.522,82.519,83.516,84.512,85.509,86.506,87.502,88.499,89.495,90.492,91.489,92.485,93.482,94.478,95.475,96.472,97.468,98.465,99.461,100.46,101.45
3.6867,4.6833,5.6799,6.6766,7.6732,8.6698,9.6664,10.663,11.66,12.656,13.653,14.649,15.646,16.643,17.639,18.636,19.633,20.629,21.626,22.622,23.619,24.616,25.612,26.609,27.605,28.602,29.599,30.595,31.592,32.589,33.585,34.582,35.578,36.575,37.572,38.568,39.565,40.561,41.558,42.555,43.551,44.548,45.544,46.541,47.538,48.534,49.531,50.528,51.524,52.521,53.517,54.514,55.511,56.507,57.504,58.5,59.497,60.494,61.49,62.487,63.484,64.48,65.477,66.473,67.47,68.467,69.463,70.46,71.456,72.453,73.45,74.446,75.443,76.439,77.436,78.433,79.429,80.426,81.423,82.419,83.416,84.412,85.409,86.406,87.402,88.399,89.395,90.392,91.389,92.385,93.382,94.379,95.375,96.372,97.368,98.365,99.362,100.36,101.35,102.35
4.5834,5.58,6.5766,7.5733,8.5699,9.5665,10.563,11.56,12.556,13.553,14.55,15.546,16.543,17.539,18.536,19.533,20.529,21.526,22.522,23.519,24.516,25.512,26.509,27.506,28.502,29.499,30.495,31.492,32.489,33.485,34.482,35.478,36.475,37.472,38.468,39.465,40.461,41.458,42.455,43.451,44.448,45.445,46.441,47.438,48.434,49.431,50.428,51.424,52.421,53.417,54.414,55.411,56.407,57.404,58.401,59.397,60.394,61.39,62.387,63.384,64.38,65.377,66.373,67.37,68.367,69.363,70.36,71.357,72.353,73.35,74.346,75.343,76.34,77.336,78.333,79.329,80.326,81.323,82.319,83.316,84.312,85.309,86.306,87.302,88.299,89.296,90.292,91.289,92.285,93.282,94.279,95.275,96.272,97.268,98.265,99.262,100.26,101.25,102.25,103.25
5.4801,6.4767,7.4734,8.47,9.4666,10.463,11.46,12.456,13.453,14.45,15.446,16.443,17.439,18.436,19.433,20.429,21.426,22.423,23.419,24.416,25.412,26.409,27.406,28.402,29.399,30.395,31.392,32.389,33.385,34.382,35.379,36.375,37.372,38.368,39.365,40.362,41.358,42.355,43.351,44.348,45.345,46.341,47.338,48.334,49.331,50.328,51.324,52.321,53.318,54.314,55.311,56.307,57.304,58.301,59.297,60.294,61.29,62.287,63.284,64.28,65.277,66.274,67.27,68.267,69.263,70.26,71.257,72.253,73.25,74.246,75.243,76.24,77.236,78.233,79.23,80.226,81.223,82.219,83.216,84.213,85.209,86.206,87.202,88.199,89.196,90.192,91.189,92.185,93.182,94.179,95.175,96.172,97.169,98.165,99.162,100.16,101.15,102.15,103.15,104.14
6.3768,7.3734,8.3701,9.3667,10.363,11.36,12.357,13.353,14.35,15.346,16.343,17.34,18.336,19.333,20.329,21.326,22.323,23.319,24.316,25.312,26.309,27.306,28.302,29.299,30.296,31.292,32.289,33.285,34.282,35.279,36.275,37.272,38.268,39.265,40.262,41.258,42.255,43.252,44.248,45.245,46.241,47.238,48.235,49.231,50.228,51.224,52.221,53.218,54.214,55.211,56.207,57.204,58.201,59.197,60.194,61.191,62.187,63.184,64.18,65.177,66.174,67.17,68.167,69.163,70.16,71.157,72.153,73.15,74.147,75.143,76.14,77.136,78.133,79.13,80.126,81.123,82.119,83.116,84.113,85.109,86.106,87.102,88.099,89.096,90.092,91.089,92.086,93.082,94.079,95.075,96.072,97.069,98.065,99.062,100.06,101.06,102.05,103.05,104.04,105.04
7.2735,8.2701,9.2668,10.263,11.26,12.257,13.253,14.25,15.246,16.243,17.24,18.236,19.233,20.23,21.226,22.223,23.219,24.216,25.213,26.209,27.206,28.202,29.199,30.196,31.192,32.189,33.185,34.182,35.179,36.175,37.172,38.169,39.165,40.162,41.158,42.155,43.152,44.148,45.145,46.141,47.138,48.135,49.131,50.128,51.125,52.121,53.118,54.114,55.111,56.108,57.104,58.101,59.097,60.094,61.091,62.087,63.084,64.08,65.077,66.074,67.07,68.067,69.064,70.06,71.057,72.053,73.05,74.047,75.043,76.04,77.036,78.033,79.03,80.026,81.023,82.02,83.016,84.013,85.009,86.006,87.003,87.999,88.996,89.992,90.989,91.986,92.982,93.979,94.975,95.972,96.969,97.965,98.962,99.959,100.96,101.95,102.95,103.95,104.94,105.94
8.1702,9.1668,10.163,11.16,12.157,13.153,14.15,15.147,16.143,17.14,18.136,19.133,20.13,21.126,22.123,23.119,24.116,25.113,26.109,27.106,28.102,29.099,30.096,31.092,32.089,33.086,34.082,35.079,36.075,37.072,38.069,39.065,40.062,41.058,42.055,43.052,44.048,45.045,46.042,47.038,48.035,49.031,50.028,51.025,52.021,53.018,54.014,55.011,56.008,57.004,58.001,58.998,59.994,60.991,61.987,62.984,63.981,64.977,65.974,66.97,67.967,68.964,69.96,70.957,71.953,72.95,73.947,74.943,75.94,76.937,77.933,78.93,79.926,80.923,81.92,82.916,83.913,84.909,85.906,86.903,87.899,88.896,89.893,90.889,91.886,92.882,93.879,94.876,95.872,96.869,97.865,98.862,99.859,100.86,101.85,102.85,103.85,104.84,105.84,106.83
9.0669,10.064,11.06,12.057,13.053,14.05,15.047,16.043,17.04,18.036,19.033,20.03,21.026,22.023,23.02,24.016,25.013,26.009,27.006,28.003,28.999,29.996,30.992,31.989,32.986,33.982,34.979,35.975,36.972,37.969,38.965,39.962,40.959,41.955,42.952,43.948,44.945,45.942,46.938,47.935,48.931,49.928,50.925,51.921,52.918,53.915,54.911,55.908,56.904,57.901,58.898,59.894,60.891,61.887,62.884,63.881,64.877,65.874,66.87,67.867,68.864,69.86,70.857,71.854,72.85,73.847,74.843,75.84,76.837,77.833,78.83,79.826,80.823,81.82,82.816,83.813,84.81,85.806,86.803,87.799,88.796,89.793,90.789,91.786,92.782,93.779,94.776,95.772,96.769,97.766,98.762,99.759,100.76,101.75,102.75,103.75,104.74,105.74,106.74,107.73
9.9636,10.96,11.957,12.953,13.95,14.947,15.943,16.94,17.937,18.933,19.93,20.926,21.923,22.92,23.916,24.913,25.909,26.906,27.903,28.899,29.896,30.893,31.889,32.886,33.882,34.879,35.876,36.872,37.869,38.865,39.862,40.859,41.855,42.852,43.848,44.845,45.842,46.838,47.835,48.832,49.828,50.825,51.821,52.818,53.815,54.811,55.808,56.804,57.801,58.798,59.794,60.791,61.788,62.784,63.781,64.777,65.774,66.771,67.767,68.764,69.76,70.757,71.754,72.75,73.747,74.743,75.74,76.737,77.733,78.73,79.727,80.723,81.72,82.716,83.713,84.71,85.706,86.703,87.699,88.696,89.693,90.689,91.686,92.683,93.679,94.676,95.672,96.669,97.666,98.662,99.659,100.66,101.65,102.65,103.65,104.64,105.64,106.64,107.63,108.63
10.86,11.857,12.854,13.85,14.847,15.843,16.84,17.837,18.833,19.83,20.826,21.823,22.82,23.816,24.813,25.81,26.806,27.803,28.799,29.796,30.793,31.789,32.786,33.782,34.779,35.776,36.772,37.769,38.766,39.762,40.759,41.755,42.752,43.749,44.745,45.742,46.738,47.735,48.732,49.728,50.725,51.721,52.718,53.715,54.711,55.708,56.705,57.701,58.698,59.694,60.691,61.688,62.684,63.681,64.677,65.674,66.671,67.667,68.664,69.661,70.657,71.654,72.65,73.647,74.644,75.64,76.637,77.633,78.63,79.627,80.623,81.62,82.616,83.613,84.61,85.606,86.603,87.6,88.596,89.593,90.589,91.586,92.583,93.579,94.576,95.572,96.569,97.566,98.562,99.559,100.56,101.55,102.55,103.55,104.54,105.54,106.54,107.53,108.53,109.53
11.757,12.754,13.75,14.747,15.743,16.74,17.737,18.733,19.73,20.727,21.723,22.72,23.716,24.713,25.71,26.706,27.703,28.699,29.696,30.693,31.689,32.686,33.683,34.679,35.676,36.672,37.669,38.666,39.662,40.659,41.655,42.652,43.649,44.645,45.642,46.639,47.635,48.632,49.628,50.625,51.622,52.618,53.615,54.611,55.608,56.605,57.601,58.598,59.594,60.591,61.588,62.584,63.581,64.578,65.574,66.571,67.567,68.564,69.561,70.557,71.554,72.55,73.547,74.544,75.54,76.537,77.534,78.53,79.527,80.523,81.52,82.517,83.513,84.51,85.506,86.503,87.5,88.496,89.493,90.489,91.486,92.483,93.479,94.476,95.473,96.469,97.466,98.462,99.459,100.46,101.45,102.45,103.45,104.44,105.44,106.44,107.43,108.43,109.43,110.42
12.654,13.65,14.647,15.644,16.64,17.637,18.633,19.63,20.627,21.623,22.62,23.616,24.613,25.61,26.606,27.603,28.6,29.596,30.593,31.589,32.586,33.583,34.579,35.576,36.572,37.569,38.566,39.562,40.559,41.556,42.552,43.549,44.545,45.542,46.539,47.535,48.532,49.528,50.525,51.522,52.518,53.515,54.511,55.508,56.505,57.501,58.498,59.495,60.491,61.488,62.484,63.481,64.478,65.474,66.471,67.467,68.464,69.461,70.457,71.454,72.451,73.447,74.444,75.44,76.437,77.434,78.43,79.427,80.423,81.42,82.417,83.413,84.41,85.407,86.403,87.4,88.396,89.393,90.39,91.386,92.383,93.379,94.376,95.373,96.369,97.366,98.362,99.359,100.36,101.35,102.35,103.35,104.34,105.34,106.34,107.33,108.33,109.33,110.32,111.32
13.55,14.547,15.544,16.54,17.537,18.534,19.53,20.527,21.523,22.52,23.517,24.513,25.51,26.506,27.503,28.5,29.496,30.493,31.489,32.486,33.483,34.479,35.476,36.473,37.469,38.466,39.462,40.459,41.456,42.452,43.449,44.445,45.442,46.439,47.435,48.432,49.429,50.425,51.422,52.418,53.415,54.412,55.408,56.405,57.401,58.398,59.395,60.391,61.388,62.384,63.381,64.378,65.374,66.371,67.368,68.364,69.361,70.357,71.354,72.351,73.347,74.344,75.34,76.337,77.334,78.33,79.327,80.324,81.32,82.317,83.313,84.31,85.307,86.303,87.3,88.296,89.293,90.29,91.286,92.283,93.28,94.276,95.273,96.269,97.266,98.263,99.259,100.26,101.25,102.25,103.25,104.24,105.24,106.24,107.23,108.23,109.23,110.22,111.22,112.22
14.447,15.444,16.44,17.437,18.434,19.43,20.427,21.423,22.42,23.417,24.413,25.41,26.407,27.403,28.4,29.396,30.393,31.39,32.386,33.383,34.379,35.376,36.373,37.369,38.366,39.362,40.359,41.356,42.352,43.349,44.346,45.342,46.339,47.335,48.332,49.329,50.325,51.322,52.318,53.315,54.312,55.308,56.305,57.302,58.298,59.295,60.291,61.288,62.285,63.281,64.278,65.274,66.271,67.268,68.264,69.261,70.257,71.254,72.251,73.247,74.244,75.241,76.237,77.234,78.23,79.227,80.224,81.22,82.217,83.213,84.21,85.207,86.203,87.2,88.197,89.193,90.19,91.186,92.183,93.18,94.176,95.173,96.169,97.166,98.163,99.159,100.16,101.15,102.15,103.15,104.14,105.14,106.14,107.13,108.13,109.13,110.12,111.12,112.12,113.11
15.344,16.34,17.337,18.334,19.33,20.327,21.324,22.32,23.317,24.313,25.31,26.307,27.303,28.3,29.296,30.293,31.29,32.286,33.283,34.28,35.276,36.273,37.269,38.266,39.263,40.259,41.256,42.252,43.249,44.246,45.242,46.239,47.235,48.232,49.229,50.225,51.222,52.219,53.215,54.212,55.208,56.205,57.202,58.198,59.195,60.191,61.188,62.185,63.181,64.178,65.175,66.171,67.168,68.164,69.161,70.158,71.154,72.151,73.147,74.144,75.141,76.137,77.134,78.13,79.127,80.124,81.12,82.117,83.114,84.11,85.107,86.103,87.1,88.097,89.093,90.09,91.086,92.083,93.08,94.076,95.073,96.07,97.066,98.063,99.059,100.06,101.05,102.05,103.05,104.04,105.04,106.04,107.03,108.03,109.03,110.02,111.02,112.02,113.01,114.01
16.241,17.237,18.234,19.23,20.227,21.224,22.22,23.217,24.213,25.21,26.207,27.203,28.2,29.197,30.193,31.19,32.186,33.183,34.18,35.176,36.173,37.169,38.166,39.163,40.159,41.156,42.152,43.149,44.146,45.142,46.139,47.136,48.132,49.129,50.125,51.122,52.119,53.115,54.112,55.108,56.105,57.102,58.098,59.095,60.092,61.088,62.085,63.081,64.078,65.075,66.071,67.068,68.064,69.061,70.058,71.054,72.051,73.048,74.044,75.041,76.037,77.034,78.031,79.027,80.024,81.02,82.017,83.014,84.01,85.007,86.003,87,87.997,88.993,89.99,90.987,91.983,92.98,93.976,94.973,95.97,96.966,97.963,98.959,99.956,100.95,101.95,102.95,103.94,104.94,105.94,106.93,107.93,108.93,109.92,110.92,111.92,112.91,113.91,114.91
17.137,18.134,19.13,20.127,21.124,22.12,23.117,24.114,25.11,26.107,27.103,28.1,29.097,30.093,31.09,32.086,33.083,34.08,35.076,36.073,37.07,38.066,39.063,40.059,41.056,42.053,43.049,44.046,45.042,46.039,47.036,48.032,49.029,50.025,51.022,52.019,53.015,54.012,55.009,56.005,57.002,57.998,58.995,59.992,60.988,61.985,62.981,63.978,64.975,65.971,66.968,67.965,68.961,69.958,70.954,71.951,72.948,73.944,74.941,75.937,76.934,77.931,78.927,79.924,80.92,81.917,82.914,83.91,84.907,85.904,86.9,87.897,88.893,89.89,90.887,91.883,92.88,93.876,94.873,95.87,96.866,97.863,98.86,99.856,100.85,101.85,102.85,103.84,104.84,105.84,106.83,107.83,108.83,109.82,110.82,111.82,112.81,113.81,114.81,115.8
18.034,19.031,20.027,21.024,22.02,23.017,24.014,25.01,26.007,27.003,28,28.997,29.993,30.99,31.987,32.983,33.98,34.976,35.973,36.97,37.966,38.963,39.959,40.956,41.953,42.949,43.946,44.943,45.939,46.936,47.932,48.929,49.926,50.922,51.919,52.915,53.912,54.909,55.905,56.902,57.898,58.895,59.892,60.888,61.885,62.882,63.878,64.875,65.871,66.868,67.865,68.861,69.858,70.854,71.851,72.848,73.844,74.841,75.838,76.834,77.831,78.827,79.824,80.821,81.817,82.814,83.81,84.807,85.804,86.8,87.797,88.793,89.79,90.787,91.783,92.78,93.777,94.773,95.77,96.766,97.763,98.76,99.756,100.75,101.75,102.75,103.74,104.74,105.74,106.73,107.73,108.73,109.72,110.72,111.72,112.71,113.71,114.71,115.7,116.7
18.931,19.927,20.924,21.92,22.917,23.914,24.91,25.907,26.904,27.9,28.897,29.893,30.89,31.887,32.883,33.88,34.876,35.873,36.87,37.866,38.863,39.86,40.856,41.853,42.849,43.846,44.843,45.839,46.836,47.832,48.829,49.826,50.822,51.819,52.816,53.812,54.809,55.805,56.802,57.799,58.795,59.792,60.788,61.785,62.782,63.778,64.775,65.771,66.768,67.765,68.761,69.758,70.755,71.751,72.748,73.744,74.741,75.738,76.734,77.731,78.727,79.724,80.721,81.717,82.714,83.711,84.707,85.704,86.7,87.697,88.694,89.69,90.687,91.683,92.68,93.677,94.673,95.67,96.666,97.663,98.66,99.656,100.65,101.65,102.65,103.64,104.64,105.64,106.63,107.63,108.63,109.62,110.62,111.62,112.61,113.61,114.61,115.6,116.6,117.6
19.827,20.824,21.821,22.817,23.814,24.81,25.807,26.804,27.8,28.797,29.793,30.79,31.787,32.783,33.78,34.777,35.773,36.77,37.766,38.763,39.76,40.756,41.753,42.749,43.746,44.743,45.739,46.736,47.733,48.729,49.726,50.722,51.719,52.716,53.712,54.709,55.705,56.702,57.699,58.695,59.692,60.689,61.685,62.682,63.678,64.675,65.672,66.668,67.665,68.661,69.658,70.655,71.651,72.648,73.644,74.641,75.638,76.634,77.631,78.628,79.624,80.621,81.617,82.614,83.611,84.607,85.604,86.6,87.597,88.594,89.59,90.587,91.584,92.58,93.577,94.573,95.57,96.567,97.563,98.56,99.556,100.55,101.55,102.55,103.54,104.54,105.54,106.53,107.53,108.53,109.52,110.52,111.52,112.51,113.51,114.51,115.5,116.5,117.5,118.49
20.724,21.721,22.717,23.714,24.711,25.707,26.704,27.7,28.697,29.694,30.69,31.687,32.683,33.68,34.677,35.673,36.67,37.666,38.663,39.66,40.656,41.653,42.65,43.646,44.643,45.639,46.636,47.633,48.629,49.626,50.622,51.619,52.616,53.612,54.609,55.606,56.602,57.599,58.595,59.592,60.589,61.585,62.582,63.578,64.575,65.572,66.568,67.565,68.561,69.558,70.555,71.551,72.548,73.545,74.541,75.538,76.534,77.531,78.528,79.524,80.521,81.517,82.514,83.511,84.507,85.504,86.501,87.497,88.494,89.49,90.487,91.484,92.48,93.477,94.473,95.47,96.467,97.463,98.46,99.457,100.45,101.45,102.45,103.44,104.44,105.44,106.43,107.43,108.43,109.42,110.42,111.42,112.41,113.41,114.41,115.4,116.4,117.4,118.39,119.39
21.621,22.617,23.614,24.611,25.607,26.604,27.6,28.597,29.594,30.59,31.587,32.584,33.58,34.577,35.573,36.57,37.567,38.563,39.56,40.556,41.553,42.55,43.546,44.543,45.539,46.536,47.533,48.529,49.526,50.523,51.519,52.516,53.512,54.509,55.506,56.502,57.499,58.495,59.492,60.489,61.485,62.482,63.479,64.475,65.472,66.468,67.465,68.462,69.458,70.455,71.451,72.448,73.445,74.441,75.438,76.434,77.431,78.428,79.424,80.421,81.418,82.414,83.411,84.407,85.404,86.401,87.397,88.394,89.39,90.387,91.384,92.38,93.377,94.374,95.37,96.367,97.363,98.36,99.357,100.35,101.35,102.35,103.34,104.34,105.34,106.33,107.33,108.33,109.32,110.32,111.32,112.31,113.31,114.31,115.3,116.3,117.3,118.29,119.29,120.29
22.517,23.514,24.511,25.507,26.504,27.501,28.497,29.494,30.49,31.487,32.484,33.48,34.477,35.473,36.47,37.467,38.463,39.46,40.457,41.453,42.45,43.446,44.443,45.44,46.436,47.433,48.429,49.426,50.423,51.419,52.416,53.412,54.409,55.406,56.402,57.399,58.396,59.392,60.389,61.385,62.382,63.379,64.375,65.372,66.368,67.365,68.362,69.358,70.355,71.352,72.348,73.345,74.341,75.338,76.335,77.331,78.328,79.324,80.321,81.318,82.314,83.311,84.307,85.304,86.301,87.297,88.294,89.291,90.287,91.284,92.28,93.277,94.274,95.27,96.267,97.263,98.26,99.257,100.25,101.25,102.25,103.24,104.24,105.24,106.23,107.23,108.23,109.22,110.22,111.22,112.21,113.21,114.21,115.2,116.2,117.2,118.19,119.19,120.19,121.18
23.414,24.411,25.407,26.404,27.401,28.397,29.394,30.39,31.387,32.384,33.38,34.377,35.374,36.37,37.367,38.363,39.36,40.357,41.353,42.35,43.346,44.343,45.34,46.336,47.333,48.33,49.326,50.323,51.319,52.316,53.313,54.309,55.306,56.302,57.299,58.296,59.292,60.289,61.285,62.282,63.279,64.275,65.272,66.269,67.265,68.262,69.258,70.255,71.252,72.248,73.245,74.241,75.238,76.235,77.231,78.228,79.225,80.221,81.218,82.214,83.211,84.208,85.204,86.201,87.197,88.194,89.191,90.187,91.184,92.18,93.177,94.174,95.17,96.167,97.164,98.16,99.157,100.15,101.15,102.15,103.14,104.14,105.14,106.13,107.13,108.13,109.12,110.12,111.12,112.11,113.11,114.11,115.1,116.1,117.1,118.09,119.09,120.09,121.08,122.08
24.311,25.307,26.304,27.301,28.297,29.294,30.291,31.287,32.284,33.28,34.277,35.274,36.27,37.267,38.263,39.26,40.257,41.253,42.25,43.247,44.243,45.24,46.236,47.233,48.23,49.226,50.223,51.219,52.216,53.213,54.209,55.206,56.202,57.199,58.196,59.192,60.189,61.186,62.182,63.179,64.175,65.172,66.169,67.165,68.162,69.158,70.155,71.152,72.148,73.145,74.142,75.138,76.135,77.131,78.128,79.125,80.121,81.118,82.114,83.111,84.108,85.104,86.101,87.098,88.094,89.091,90.087,91.084,92.081,93.077,94.074,95.07,96.067,97.064,98.06,99.057,100.05,101.05,102.05,103.04,104.04,105.04,106.03,107.03,108.03,109.02,110.02,111.02,112.01,113.01,114.01,115,116,117,117.99,118.99,119.99,120.98,121.98,122.98
25.208,26.204,27.201,28.197,29.194,30.191,31.187,32.184,33.18,34.177,35.174,36.17,37.167,38.164,39.16,40.157,41.153,42.15,43.147,44.143,45.14,46.136,47.133,48.13,49.126,50.123,51.12,52.116,53.113,54.109,55.106,56.103,57.099,58.096,59.092,60.089,61.086,62.082,63.079,64.075,65.072,66.069,67.065,68.062,69.059,70.055,71.052,72.048,73.045,74.042,75.038,76.035,77.031,78.028,79.025,80.021,81.018,82.015,83.011,84.008,85.004,86.001,86.998,87.994,88.991,89.987,90.984,91.981,92.977,93.974,94.97,95.967,96.964,97.96,98.957,99.954,100.95,101.95,102.94,103.94,104.94,105.93,106.93,107.93,108.92,109.92,110.92,111.91,112.91,113.91,114.9,115.9,116.9,117.89,118.89,119.89,120.88,121.88,122.88,123.87
26.104,27.101,28.098,29.094,30.091,31.087,32.084,33.081,34.077,35.074,36.07,37.067,38.064,39.06,40.057,41.053,42.05,43.047,44.043,45.04,46.037,47.033,48.03,49.026,50.023,51.02,52.016,53.013,54.009,55.006,56.003,56.999,57.996,58.993,59.989,60.986,61.982,62.979,63.976,64.972,65.969,66.965,67.962,68.959,69.955,70.952,71.948,72.945,73.942,74.938,75.935,76.932,77.928,78.925,79.921,80.918,81.915,82.911,83.908,84.904,85.901,86.898,87.894,88.891,89.888,90.884,91.881,92.877,93.874,94.871,95.867,96.864,97.86,98.857,99.854,100.85,101.85,102.84,103.84,104.84,105.83,106.83,107.83,108.82,109.82,110.82,111.81,112.81,113.81,114.8,115.8,116.8,117.79,118.79,119.79,120.78,121.78,122.78,123.77,124.77
27.001,27.998,28.994,29.991,30.987,31.984,32.981,33.977,34.974,35.97,36.967,37.964,38.96,39.957,40.954,41.95,42.947,43.943,44.94,45.937,46.933,47.93,48.926,49.923,50.92,51.916,52.913,53.91,54.906,55.903,56.899,57.896,58.893,59.889,60.886,61.882,62.879,63.876,64.872,65.869,66.866,67.862,68.859,69.855,70.852,71.849,72.845,73.842,74.838,75.835,76.832,77.828,78.825,79.821,80.818,81.815,82.811,83.808,84.805,85.801,86.798,87.794,88.791,89.788,90.784,91.781,92.777,93.774,94.771,95.767,96.764,97.761,98.757,99.754,100.75,101.75,102.74,103.74,104.74,105.73,106.73,107.73,108.72,109.72,110.72,111.71,112.71,113.71,114.7,115.7,116.7,117.69,118.69,119.69,120.68,121.68,122.68,123.67,124.67,125.67
27.898,28.894,29.891,30.888,31.884,32.881,33.877,34.874,35.871,36.867,37.864,38.86,39.857,40.854,41.85,42.847,43.843,44.84,45.837,46.833,47.83,48.827,49.823,50.82,51.816,52.813,53.81,54.806,55.803,56.799,57.796,58.793,59.789,60.786,61.783,62.779,63.776,64.772,65.769,66.766,67.762,68.759,69.755,70.752,71.749,72.745,73.742,74.739,75.735,76.732,77.728,78.725,79.722,80.718,81.715,82.711,83.708,84.705,85.701,86.698,87.694,88.691,89.688,90.684,91.681,92.678,93.674,94.671,95.667,96.664,97.661,98.657,99.654,100.65,101.65,102.64,103.64,104.64,105.63,106.63,107.63,108.62,109.62,110.62,111.61,112.61,113.61,114.6,115.6,116.6,117.59,118.59,119.59,120.58,121.58,122.58,123.57,124.57,125.57,126.56
28.794,29.791,30.788,31.784,32.781,33.777,34.774,35.771,36.767,37.764,38.761,39.757,40.754,41.75,42.747,43.744,44.74,45.737,46.733,47.73,48.727,49.723,50.72,51.716,52.713,53.71,54.706,55.703,56.7,57.696,58.693,59.689,60.686,61.683,62.679,63.676,64.672,65.669,66.666,67.662,68.659,69.656,70.652,71.649,72.645,73.642,74.639,75.635,76.632,77.628,78.625,79.622,80.618,81.615,82.611,83.608,84.605,85.601,86.598,87.595,88.591,89.588,90.584,91.581,92.578,93.574,94.571,95.567,96.564,97.561,98.557,99.554,100.55,101.55,102.54,103.54,104.54,105.53,106.53,107.53,108.52,109.52,110.52,111.51,112.51,113.51,114.5,115.5,116.5,117.49,118.49,119.49,120.48,121.48,122.48,123.47,124.47,125.47,126.46,127.46
29.691,30.688,31.684,32.681,33.678,34.674,35.671,36.667,37.664,38.661,39.657,40.654,41.65,42.647,43.644,44.64,45.637,46.634,47.63,48.627,49.623,50.62,51.617,52.613,53.61,54.606,55.603,56.6,57.596,58.593,59.589,60.586,61.583,62.579,63.576,64.573,65.569,66.566,67.562,68.559,69.556,70.552,71.549,72.545,73.542,74.539,75.535,76.532,77.529,78.525,79.522,80.518,81.515,82.512,83.508,84.505,85.501,86.498,87.495,88.491,89.488,90.484,91.481,92.478,93.474,94.471,95.468,96.464,97.461,98.457,99.454,100.45,101.45,102.44,103.44,104.44,105.43,106.43,107.43,108.42,109.42,110.42,111.41,112.41,113.41,114.4,115.4,116.4,117.39,118.39,119.39,120.38,121.38,122.38,123.37,124.37,125.37,126.36,127.36,128.36
30.588,31.584,32.581,33.578,34.574,35.571,36.567,37.564,38.561,39.557,40.554,41.551,42.547,43.544,44.54,45.537,46.534,47.53,48.527,49.523,50.52,51.517,52.513,53.51,54.507,55.503,56.5,57.496,58.493,59.49,60.486,61.483,62.479,63.476,64.473,65.469,66.466,67.462,68.459,69.456,70.452,71.449,72.446,73.442,74.439,75.435,76.432,77.429,78.425,79.422,80.418,81.415,82.412,83.408,84.405,85.402,86.398,87.395,88.391,89.388,90.385,91.381,92.378,93.374,94.371,95.368,96.364,97.361,98.357,99.354,100.35,101.35,102.34,103.34,104.34,105.33,106.33,107.33,108.32,109.32,110.32,111.31,112.31,113.31,114.3,115.3,116.3,117.29,118.29,119.29,120.28,121.28,122.28,123.27,124.27,125.27,126.26,127.26,128.26,129.25
31.484,32.481,33.478,34.474,35.471,36.468,37.464,38.461,39.457,40.454,41.451,42.447,43.444,44.44,45.437,46.434,47.43,48.427,49.424,50.42,51.417,52.413,53.41,54.407,55.403,56.4,57.396,58.393,59.39,60.386,61.383,62.38,63.376,64.373,65.369,66.366,67.363,68.359,69.356,70.352,71.349,72.346,73.342,74.339,75.335,76.332,77.329,78.325,79.322,80.319,81.315,82.312,83.308,84.305,85.302,86.298,87.295,88.291,89.288,90.285,91.281,92.278,93.275,94.271,95.268,96.264,97.261,98.258,99.254,100.25,101.25,102.24,103.24,104.24,105.23,106.23,107.23,108.22,109.22,110.22,111.21,112.21,113.21,114.2,115.2,116.2,117.19,118.19,119.19,120.18,121.18,122.18,123.17,124.17,125.17,126.16,127.16,128.16,129.15,130.15
32.381,33.378,34.374,35.371,36.368,37.364,38.361,39.357,40.354,41.351,42.347,43.344,44.341,45.337,46.334,47.33,48.327,49.324,50.32,51.317,52.313,53.31,54.307,55.303,56.3,57.297,58.293,59.29,60.286,61.283,62.28,63.276,64.273,65.269,66.266,67.263,68.259,69.256,70.252,71.249,72.246,73.242,74.239,75.236,76.232,77.229,78.225,79.222,80.219,81.215,82.212,83.208,84.205,85.202,86.198,87.195,88.192,89.188,90.185,91.181,92.178,93.175,94.171,95.168,96.164,97.161,98.158,99.154,100.15,101.15,102.14,103.14,104.14,105.13,106.13,107.13,108.12,109.12,110.12,111.11,112.11,113.11,114.1,115.1,116.1,117.09,118.09,119.09,120.08,121.08,122.08,123.07,124.07,125.07,126.06,127.06,128.06,129.05,130.05,131.05
33.278,34.275,35.271,36.268,37.264,38.261,39.258,40.254,41.251,42.247,43.244,44.241,45.237,46.234,47.23,48.227,49.224,50.22,51.217,52.214,53.21,54.207,55.203,56.2,57.197,58.193,59.19,60.186,61.183,62.18,63.176,64.173,65.17,66.166,67.163,68.159,69.156,70.153,71.149,72.146,73.142,74.139,75.136,76.132,77.129,78.125,79.122,80.119,81.115,82.112,83.109,84.105,85.102,86.098,87.095,88.092,89.088,90.085,91.081,92.078,93.075,94.071,95.068,96.065,97.061,98.058,99.054,100.05,101.05,102.04,103.04,104.04,105.03,106.03,107.03,108.02,109.02,110.02,111.01,112.01,113.01,114,115,116,116.99,117.99,118.99,119.98,120.98,121.98,122.97,123.97,124.97,125.96,126.96,127.96,128.95,129.95,130.95,131.94
34.175,35.171,36.168,37.164,38.161,39.158,40.154,41.151,42.148,43.144,44.141,45.137,46.134,47.131,48.127,49.124,50.12,51.117,52.114,53.11,54.107,55.103,56.1,57.097,58.093,59.09,60.087,61.083,62.08,63.076,64.073,65.07,66.066,67.063,68.059,69.056,70.053,71.049,72.046,73.043,74.039,75.036,76.032,77.029,78.026,79.022,80.019,81.015,82.012,83.009,84.005,85.002,85.998,86.995,87.992,88.988,89.985,90.982,91.978,92.975,93.971,94.968,95.965,96.961,97.958,98.954,99.951,100.95,101.94,102.94,103.94,104.93,105.93,106.93,107.92,108.92,109.92,110.91,111.91,112.91,113.9,114.9,115.9,116.89,117.89,118.89,119.88,120.88,121.88,122.87,123.87,124.87,125.86,126.86,127.86,128.85,129.85,130.85,131.84,132.84
35.071,36.068,37.065,38.061,39.058,40.054,41.051,42.048,43.044,44.041,45.037,46.034,47.031,48.027,49.024,50.02,51.017,52.014,53.01,54.007,55.004,56,56.997,57.993,58.99,59.987,60.983,61.98,62.976,63.973,64.97,65.966,66.963,67.96,68.956,69.953,70.949,71.946,72.943,73.939,74.936,75.932,76.929,77.926,78.922,79.919,80.916,81.912,82.909,83.905,84.902,85.899,86.895,87.892,88.888,89.885,90.882,91.878,92.875,93.871,94.868,95.865,96.861,97.858,98.855,99.851,100.85,101.84,102.84,103.84,104.83,105.83,106.83,107.82,108.82,109.82,110.81,111.81,112.81,113.8,114.8,115.8,116.79,117.79,118.79,119.78,120.78,121.78,122.77,123.77,124.77,125.76,126.76,127.76,128.75,129.75,130.75,131.74,132.74,133.74
35.968,36.965,37.961,38.958,39.954,40.951,41.948,42.944,43.941,44.938,45.934,46.931,47.927,48.924,49.921,50.917,51.914,52.91,53.907,54.904,55.9,56.897,57.893,58.89,59.887,60.883,61.88,62.877,63.873,64.87,65.866,66.863,67.86,68.856,69.853,70.849,71.846,72.843,73.839,74.836,75.833,76.829,77.826,78.822,79.819,80.816,81.812,82.809,83.805,84.802,85.799,86.795,87.792,88.789,89.785,90.782,91.778,92.775,93.772,94.768,95.765,96.761,97.758,98.755,99.751,100.75,101.74,102.74,103.74,104.73,105.73,106.73,107.72,108.72,109.72,110.71,111.71,112.71,113.7,114.7,115.7,116.69,117.69,118.69,119.68,120.68,121.68,122.67,123.67,124.67,125.66,126.66,127.66,128.65,129.65,130.65,131.64,132.64,133.64,134.63
36.865,37.861,38.858,39.855,40.851,41.848,42.844,43.841,44.838,45.834,46.831,47.827,48.824,49.821,50.817,51.814,52.811,53.807,54.804,55.8,56.797,57.794,58.79,59.787,60.783,61.78,62.777,63.773,64.77,65.766,66.763,67.76,68.756,69.753,70.75,71.746,72.743,73.739,74.736,75.733,76.729,77.726,78.722,79.719,80.716,81.712,82.709,83.706,84.702,85.699,86.695,87.692,88.689,89.685,90.682,91.678,92.675,93.672,94.668,95.665,96.661,97.658,98.655,99.651,100.65,101.64,102.64,103.64,104.63,105.63,106.63,107.62,108.62,109.62,110.61,111.61,112.61,113.6,114.6,115.6,116.59,117.59,118.59,119.58,120.58,121.58,122.57,123.57,124.57,125.56,126.56,127.56,128.55,129.55,130.55,131.54,132.54,133.54,134.53,135.53
37.761,38.758,39.755,40.751,41.748,42.744,43.741,44.738,45.734,46.731,47.728,48.724,49.721,50.717,51.714,52.711,53.707,54.704,55.7,56.697,57.694,58.69,59.687,60.684,61.68,62.677,63.673,64.67,65.667,66.663,67.66,68.656,69.653,70.65,71.646,72.643,73.639,74.636,75.633,76.629,77.626,78.623,79.619,80.616,81.612,82.609,83.606,84.602,85.599,86.595,87.592,88.589,89.585,90.582,91.579,92.575,93.572,94.568,95.565,96.562,97.558,98.555,99.551,100.55,101.54,102.54,103.54,104.53,105.53,106.53,107.52,108.52,109.52,110.51,111.51,112.51,113.5,114.5,115.5,116.49,117.49,118.49,119.48,120.48,121.48,122.47,123.47,124.47,125.46,126.46,127.46,128.45,129.45,130.45,131.44,132.44,133.44,134.43,135.43,136.43
38.658,39.655,40.651,41.648,42.645,43.641,44.638,45.634,46.631,47.628,48.624,49.621,50.617,51.614,52.611,53.607,54.604,55.601,56.597,57.594,58.59,59.587,60.584,61.58,62.577,63.573,64.57,65.567,66.563,67.56,68.557,69.553,70.55,71.546,72.543,73.54,74.536,75.533,76.529,77.526,78.523,79.519,80.516,81.512,82.509,83.506,84.502,85.499,86.496,87.492,88.489,89.485,90.482,91.479,92.475,93.472,94.468,95.465,96.462,97.458,98.455,99.452,100.45,101.44,102.44,103.44,104.43,105.43,106.43,107.42,108.42,109.42,110.41,111.41,112.41,113.4,114.4,115.4,116.39,117.39,118.39,119.38,120.38,121.38,122.37,123.37,124.37,125.36,126.36,127.36,128.35,129.35,130.35,131.34,132.34,133.34,134.33,135.33,136.33,137.32
39.555,40.551,41.548,42.545,43.541,44.538,45.534,46.531,47.528,48.524,49.521,50.518,51.514,52.511,53.507,54.504,55.501,56.497,57.494,58.49,59.487,60.484,61.48,62.477,63.474,64.47,65.467,66.463,67.46,68.457,69.453,70.45,71.446,72.443,73.44,74.436,75.433,76.43,77.426,78.423,79.419,80.416,81.413,82.409,83.406,84.402,85.399,86.396,87.392,88.389,89.385,90.382,91.379,92.375,93.372,94.369,95.365,96.362,97.358,98.355,99.352,100.35,101.34,102.34,103.34,104.33,105.33,106.33,107.32,108.32,109.32,110.31,111.31,112.31,113.3,114.3,115.3,116.29,117.29,118.29,119.28,120.28,121.28,122.27,123.27,124.27,125.26,126.26,127.26,128.25,129.25,130.25,131.24,132.24,133.24,134.23,135.23,136.23,137.22,138.22
40.452,41.448,42.445,43.441,44.438,45.435,46.431,47.428,48.424,49.421,50.418,51.414,52.411,53.407,54.404,55.401,56.397,57.394,58.391,59.387,60.384,61.38,62.377,63.374,64.37,65.367,66.363,67.36,68.357,69.353,70.35,71.347,72.343,73.34,74.336,75.333,76.33,77.326,78.323,79.319,80.316,81.313,82.309,83.306,84.302,85.299,86.296,87.292,88.289,89.286,90.282,91.279,92.275,93.272,94.269,95.265,96.262,97.258,98.255,99.252,100.25,101.24,102.24,103.24,104.23,105.23,106.23,107.22,108.22,109.22,110.21,111.21,112.21,113.2,114.2,115.2,116.19,117.19,118.19,119.18,120.18,121.18,122.17,123.17,124.17,125.16,126.16,127.16,128.15,129.15,130.15,131.14,132.14,133.14,134.13,135.13,136.13,137.12,138.12,139.12
41.348,42.345,43.341,44.338,45.335,46.331,47.328,48.325,49.321,50.318,51.314,52.311,53.308,54.304,55.301,56.297,57.294,58.291,59.287,60.284,61.28,62.277,63.274,64.27,65.267,66.264,67.26,68.257,69.253,70.25,71.247,72.243,73.24,74.236,75.233,76.23,77.226,78.223,79.22,80.216,81.213,82.209,83.206,84.203,85.199,86.196,87.192,88.189,89.186,90.182,91.179,92.175,93.172,94.169,95.165,96.162,97.159,98.155,99.152,100.15,101.15,102.14,103.14,104.13,105.13,106.13,107.12,108.12,109.12,110.11,111.11,112.11,113.1,114.1,115.1,116.09,117.09,118.09,119.08,120.08,121.08,122.07,123.07,124.07,125.06,126.06,127.06,128.05,129.05,130.05,131.04,132.04,133.04,134.03,135.03,136.03,137.02,138.02,139.02,140.01
42.245,43.242,44.238,45.235,46.231,47.228,48.225,49.221,50.218,51.214,52.211,53.208,54.204,55.201,56.198,57.194,58.191,59.187,60.184,61.181,62.177,63.174,64.17,65.167,66.164,67.16,68.157,69.153,70.15,71.147,72.143,73.14,74.137,75.133,76.13,77.126,78.123,79.12,80.116,81.113,82.109,83.106,84.103,85.099,86.096,87.093,88.089,89.086,90.082,91.079,92.076,93.072,94.069,95.065,96.062,97.059,98.055,99.052,100.05,101.05,102.04,103.04,104.03,105.03,106.03,107.02,108.02,109.02,110.01,111.01,112.01,113,114,115,115.99,116.99,117.99,118.98,119.98,120.98,121.97,122.97,123.97,124.96,125.96,126.96,127.95,128.95,129.95,130.94,131.94,132.94,133.93,134.93,135.93,136.92,137.92,138.92,139.91,140.91
43.142,44.138,45.135,46.131,47.128,48.125,49.121,50.118,51.115,52.111,53.108,54.104,55.101,56.098,57.094,58.091,59.087,60.084,61.081,62.077,63.074,64.07,65.067,66.064,67.06,68.057,69.054,70.05,71.047,72.043,73.04,74.037,75.033,76.03,77.026,78.023,79.02,80.016,81.013,82.01,83.006,84.003,84.999,85.996,86.993,87.989,88.986,89.982,90.979,91.976,92.972,93.969,94.966,95.962,96.959,97.955,98.952,99.949,100.95,101.94,102.94,103.94,104.93,105.93,106.92,107.92,108.92,109.91,110.91,111.91,112.9,113.9,114.9,115.89,116.89,117.89,118.88,119.88,120.88,121.87,122.87,123.87,124.86,125.86,126.86,127.85,128.85,129.85,130.84,131.84,132.84,133.83,134.83,135.83,136.82,137.82,138.82,139.81,140.81,141.81
44.038,45.035,46.032,47.028,48.025,49.021,50.018,51.015,52.011,53.008,54.004,55.001,55.998,56.994,57.991,58.988,59.984,60.981,61.977,62.974,63.971,64.967,65.964,66.96,67.957,68.954,69.95,70.947,71.943,72.94,73.937,74.933,75.93,76.927,77.923,78.92,79.916,80.913,81.91,82.906,83.903,84.899,85.896,86.893,87.889,88.886,89.883,90.879,91.876,92.872,93.869,94.866,95.862,96.859,97.855,98.852,99.849,100.85,101.84,102.84,103.84,104.83,105.83,106.82,107.82,108.82,109.81,110.81,111.81,112.8,113.8,114.8,115.79,116.79,117.79,118.78,119.78,120.78,121.77,122.77,123.77,124.76,125.76,126.76,127.75,128.75,129.75,130.74,131.74,132.74,133.73,134.73,135.73,136.72,137.72,138.72,139.71,140.71,141.71,142.7
44.935,45.932,46.928,47.925,48.921,49.918,50.915,51.911,52.908,53.905,54.901,55.898,56.894,57.891,58.888,59.884,60.881,61.877,62.874,63.871,64.867,65.864,66.861,67.857,68.854,69.85,70.847,71.844,72.84,73.837,74.833,75.83,76.827,77.823,78.82,79.816,80.813,81.81,82.806,83.803,84.8,85.796,86.793,87.789,88.786,89.783,90.779,91.776,92.772,93.769,94.766,95.762,96.759,97.756,98.752,99.749,100.75,101.74,102.74,103.74,104.73,105.73,106.73,107.72,108.72,109.71,110.71,111.71,112.7,113.7,114.7,115.69,116.69,117.69,118.68,119.68,120.68,121.67,122.67,123.67,124.66,125.66,126.66,127.65,128.65,129.65,130.64,131.64,132.64,133.63,134.63,135.63,136.62,137.62,138.62,139.61,140.61,141.61,142.6,143.6
45.832,46.828,47.825,48.822,49.818,50.815,51.811,52.808,53.805,54.801,55.798,56.794,57.791,58.788,59.784,60.781,61.778,62.774,63.771,64.767,65.764,66.761,67.757,68.754,69.75,70.747,71.744,72.74,73.737,74.734,75.73,76.727,77.723,78.72,79.717,80.713,81.71,82.706,83.703,84.7,85.696,86.693,87.689,88.686,89.683,90.679,91.676,92.673,93.669,94.666,95.662,96.659,97.656,98.652,99.649,100.65,101.64,102.64,103.64,104.63,105.63,106.63,107.62,108.62,109.61,110.61,111.61,112.6,113.6,114.6,115.59,116.59,117.59,118.58,119.58,120.58,121.57,122.57,123.57,124.56,125.56,126.56,127.55,128.55,129.55,130.54,131.54,132.54,133.53,134.53,135.53,136.52,137.52,138.52,139.51,140.51,141.51,142.5,143.5,144.5
46.728,47.725,48.722,49.718,50.715,51.711,52.708,53.705,54.701,55.698,56.695,57.691,58.688,59.684,60.681,61.678,62.674,63.671,64.667,65.664,66.661,67.657,68.654,69.651,70.647,71.644,72.64,73.637,74.634,75.63,76.627,77.623,78.62,79.617,80.613,81.61,82.607,83.603,84.6,85.596,86.593,87.59,88.586,89.583,90.579,91.576,92.573,93.569,94.566,95.562,96.559,97.556,98.552,99.549,100.55,101.54,102.54,103.54,104.53,105.53,106.53,107.52,108.52,109.52,110.51,111.51,112.5,113.5,114.5,115.49,116.49,117.49,118.48,119.48,120.48,121.47,122.47,123.47,124.46,125.46,126.46,127.45,128.45,129.45,130.44,131.44,132.44,133.43,134.43,135.43,136.42,137.42,138.42,139.41,140.41,141.41,142.4,143.4,144.4,145.39
47.625,48.622,49.618,50.615,51.612,52.608,53.605,54.601,55.598,56.595,57.591,58.588,59.584,60.581,61.578,62.574,63.571,64.568,65.564,66.561,67.557,68.554,69.551,70.547,71.544,72.54,73.537,74.534,75.53,76.527,77.524,78.52,79.517,80.513,81.51,82.507,83.503,84.5,85.496,86.493,87.49,88.486,89.483,90.48,91.476,92.473,93.469,94.466,95.463,96.459,97.456,98.452,99.449,100.45,101.44,102.44,103.44,104.43,105.43,106.43,107.42,108.42,109.42,110.41,111.41,112.4,113.4,114.4,115.39,116.39,117.39,118.38,119.38,120.38,121.37,122.37,123.37,124.36,125.36,126.36,127.35,128.35,129.35,130.34,131.34,132.34,133.33,134.33,135.33,136.32,137.32,138.32,139.31,140.31,141.31,142.3,143.3,144.3,145.29,146.29
48.522,49.518,50.515,51.512,52.508,53.505,54.502,55.498,56.495,57.491,58.488,59.485,60.481,61.478,62.474,63.471,64.468,65.464,66.461,67.457,68.454,69.451,70.447,71.444,72.441,73.437,74.434,75.43,76.427,77.424,78.42,79.417,80.413,81.41,82.407,83.403,84.4,85.397,86.393,87.39,88.386,89.383,90.38,91.376,92.373,93.369,94.366,95.363,96.359,97.356,98.352,99.349,100.35,101.34,102.34,103.34,104.33,105.33,106.33,107.32,108.32,109.32,110.31,111.31,112.31,113.3,114.3,115.29,116.29,117.29,118.28,119.28,120.28,121.27,122.27,123.27,124.26,125.26,126.26,127.25,128.25,129.25,130.24,131.24,132.24,133.23,134.23,135.23,136.22,137.22,138.22,139.21,140.21,141.21,142.2,143.2,144.2,145.19,146.19,147.19
49.419,50.415,51.412,52.408,53.405,54.402,55.398,56.395,57.391,58.388,59.385,60.381,61.378,62.375,63.371,64.368,65.364,66.361,67.358,68.354,69.351,70.347,71.344,72.341,73.337,74.334,75.33,76.327,77.324,78.32,79.317,80.314,81.31,82.307,83.303,84.3,85.297,86.293,87.29,88.286,89.283,90.28,91.276,92.273,93.27,94.266,95.263,96.259,97.256,98.253,99.249,100.25,101.24,102.24,103.24,104.23,105.23,106.23,107.22,108.22,109.22,110.21,111.21,112.21,113.2,114.2,115.2,116.19,117.19,118.18,119.18,120.18,121.17,122.17,123.17,124.16,125.16,126.16,127.15,128.15,129.15,130.14,131.14,132.14,133.13,134.13,135.13,136.12,137.12,138.12,139.11,140.11,141.11,142.1,143.1,144.1,145.09,146.09,147.09,148.08
50.315,51.312,52.308,53.305,54.302,55.298,56.295,57.292,58.288,59.285,60.281,61.278,62.275,63.271,64.268,65.264,66.261,67.258,68.254,69.251,70.248,71.244,72.241,73.237,74.234,75.231,76.227,77.224,78.22,79.217,80.214,81.21,82.207,83.203,84.2,85.197,86.193,87.19,88.187,89.183,90.18,91.176,92.173,93.17,94.166,95.163,96.159,97.156,98.153,99.149,100.15,101.14,102.14,103.14,104.13,105.13,106.13,107.12,108.12,109.12,110.11,111.11,112.11,113.1,114.1,115.1,116.09,117.09,118.08,119.08,120.08,121.07,122.07,123.07,124.06,125.06,126.06,127.05,128.05,129.05,130.04,131.04,132.04,133.03,134.03,135.03,136.02,137.02,138.02,139.01,140.01,141.01,142,143,144,144.99,145.99,146.99,147.98,148.98
51.212,52.209,53.205,54.202,55.198,56.195,57.192,58.188,59.185,60.181,61.178,62.175,63.171,64.168,65.165,66.161,67.158,68.154,69.151,70.148,71.144,72.141,73.137,74.134,75.131,76.127,77.124,78.12,79.117,80.114,81.11,82.107,83.104,84.1,85.097,86.093,87.09,88.087,89.083,90.08,91.076,92.073,93.07,94.066,95.063,96.06,97.056,98.053,99.049,100.05,101.04,102.04,103.04,104.03,105.03,106.03,107.02,108.02,109.02,110.01,111.01,112.01,113,114,115,115.99,116.99,117.99,118.98,119.98,120.97,121.97,122.97,123.96,124.96,125.96,126.95,127.95,128.95,129.94,130.94,131.94,132.93,133.93,134.93,135.92,136.92,137.92,138.91,139.91,140.91,141.9,142.9,143.9,144.89,145.89,146.89,147.88,148.88,149.88
52.109,53.105,54.102,55.098,56.095,57.092,58.088,59.085,60.082,61.078,62.075,63.071,64.068,65.065,66.061,67.058,68.054,69.051,70.048,71.044,72.041,73.038,74.034,75.031,76.027,77.024,78.021,79.017,80.014,81.01,82.007,83.004,84,84.997,85.993,86.99,87.987,88.983,89.98,90.977,91.973,92.97,93.966,94.963,95.96,96.956,97.953,98.949,99.946,100.94,101.94,102.94,103.93,104.93,105.93,106.92,107.92,108.92,109.91,110.91,111.91,112.9,113.9,114.9,115.89,116.89,117.89,118.88,119.88,120.87,121.87,122.87,123.86,124.86,125.86,126.85,127.85,128.85,129.84,130.84,131.84,132.83,133.83,134.83,135.82,136.82,137.82,138.81,139.81,140.81,141.8,142.8,143.8,144.79,145.79,146.79,147.78,148.78,149.78,150.77
53.005,54.002,54.999,55.995,56.992,57.988,58.985,59.982,60.978,61.975,62.971,63.968,64.965,65.961,66.958,67.955,68.951,69.948,70.944,71.941,72.938,73.934,74.931,75.927,76.924,77.921,78.917,79.914,80.911,81.907,82.904,83.9,84.897,85.894,86.89,87.887,88.883,89.88,90.877,91.873,92.87,93.866,94.863,95.86,96.856,97.853,98.85,99.846,100.84,101.84,102.84,103.83,104.83,105.83,106.82,107.82,108.82,109.81,110.81,111.81,112.8,113.8,114.8,115.79,116.79,117.79,118.78,119.78,120.78,121.77,122.77,123.76,124.76,125.76,126.75,127.75,128.75,129.74,130.74,131.74,132.73,133.73,134.73,135.72,136.72,137.72,138.71,139.71,140.71,141.7,142.7,143.7,144.69,145.69,146.69,147.68,148.68,149.68,150.67,151.67
53.902,54.899,55.895,56.892,57.889,58.885,59.882,60.878,61.875,62.872,63.868,64.865,65.861,66.858,67.855,68.851,69.848,70.844,71.841,72.838,73.834,74.831,75.828,76.824,77.821,78.817,79.814,80.811,81.807,82.804,83.8,84.797,85.794,86.79,87.787,88.784,89.78,90.777,91.773,92.77,93.767,94.763,95.76,96.756,97.753,98.75,99.746,100.74,101.74,102.74,103.73,104.73,105.73,106.72,107.72,108.72,109.71,110.71,111.71,112.7,113.7,114.7,115.69,116.69,117.69,118.68,119.68,120.68,121.67,122.67,123.66,124.66,125.66,126.65,127.65,128.65,129.64,130.64,131.64,132.63,133.63,134.63,135.62,136.62,137.62,138.61,139.61,140.61,141.6,142.6,143.6,144.59,145.59,146.59,147.58,148.58,149.58,150.57,151.57,152.57
54.799,55.795,56.792,57.789,58.785,59.782,60.778,61.775,62.772,63.768,64.765,65.761,66.758,67.755,68.751,69.748,70.745,71.741,72.738,73.734,74.731,75.728,76.724,77.721,78.717,79.714,80.711,81.707,82.704,83.701,84.697,85.694,86.69,87.687,88.684,89.68,90.677,91.673,92.67,93.667,94.663,95.66,96.657,97.653,98.65,99.646,100.64,101.64,102.64,103.63,104.63,105.63,106.62,107.62,108.62,109.61,110.61,111.61,112.6,113.6,114.6,115.59,116.59,117.59,118.58,119.58,120.58,121.57,122.57,123.57,124.56,125.56,126.55,127.55,128.55,129.54,130.54,131.54,132.53,133.53,134.53,135.52,136.52,137.52,138.51,139.51,140.51,141.5,142.5,143.5,144.49,145.49,146.49,147.48,148.48,149.48,150.47,151.47,152.47,153.46
55.695,56.692,57.689,58.685,59.682,60.679,61.675,62.672,63.668,64.665,65.662,66.658,67.655,68.651,69.648,70.645,71.641,72.638,73.634,74.631,75.628,76.624,77.621,78.618,79.614,80.611,81.607,82.604,83.601,84.597,85.594,86.59,87.587,88.584,89.58,90.577,91.574,92.57,93.567,94.563,95.56,96.557,97.553,98.55,99.546,100.54,101.54,102.54,103.53,104.53,105.53,106.52,107.52,108.52,109.51,110.51,111.51,112.5,113.5,114.5,115.49,116.49,117.49,118.48,119.48,120.48,121.47,122.47,123.47,124.46,125.46,126.45,127.45,128.45,129.44,130.44,131.44,132.43,133.43,134.43,135.42,136.42,137.42,138.41,139.41,140.41,141.4,142.4,143.4,144.39,145.39,146.39,147.38,148.38,149.38,150.37,151.37,152.37,153.36,154.36
56.592,57.589,58.585,59.582,60.579,61.575,62.572,63.568,64.565,65.562,66.558,67.555,68.552,69.548,70.545,71.541,72.538,73.535,74.531,75.528,76.524,77.521,78.518,79.514,80.511,81.507,82.504,83.501,84.497,85.494,86.491,87.487,88.484,89.48,90.477,91.474,92.47,93.467,94.463,95.46,96.457,97.453,98.45,99.447,100.44,101.44,102.44,103.43,104.43,105.43,106.42,107.42,108.42,109.41,110.41,111.41,112.4,113.4,114.4,115.39,116.39,117.39,118.38,119.38,120.38,121.37,122.37,123.37,124.36,125.36,126.36,127.35,128.35,129.34,130.34,131.34,132.33,133.33,134.33,135.32,136.32,137.32,138.31,139.31,140.31,141.3,142.3,143.3,144.29,145.29,146.29,147.28,148.28,149.28,150.27,151.27,152.27,153.26,154.26,155.26
57.489,58.485,59.482,60.479,61.475,62.472,63.469,64.465,65.462,66.458,67.455,68.452,69.448,70.445,71.441,72.438,73.435,74.431,75.428,76.425,77.421,78.418,79.414,80.411,81.408,82.404,83.401,84.397,85.394,86.391,87.387,88.384,89.38,90.377,91.374,92.37,93.367,94.364,95.36,96.357,97.353,98.35,99.347,100.34,101.34,102.34,103.33,104.33,105.33,106.32,107.32,108.32,109.31,110.31,111.31,112.3,113.3,114.3,115.29,116.29,117.29,118.28,119.28,120.28,121.27,122.27,123.27,124.26,125.26,126.26,127.25,128.25,129.25,130.24,131.24,132.23,133.23,134.23,135.22,136.22,137.22,138.21,139.21,140.21,141.2,142.2,143.2,144.19,145.19,146.19,147.18,148.18,149.18,150.17,151.17,152.17,153.16,154.16,155.16,156.15
58.386,59.382,60.379,61.375,62.372,63.369,64.365,65.362,66.358,67.355,68.352,69.348,70.345,71.342,72.338,73.335,74.331,75.328,76.325,77.321,78.318,79.314,80.311,81.308,82.304,83.301,84.298,85.294,86.291,87.287,88.284,89.281,90.277,91.274,92.27,93.267,94.264,95.26,96.257,97.253,98.25,99.247,100.24,101.24,102.24,103.23,104.23,105.23,106.22,107.22,108.22,109.21,110.21,111.21,112.2,113.2,114.2,115.19,116.19,117.19,118.18,119.18,120.18,121.17,122.17,123.17,124.16,125.16,126.16,127.15,128.15,129.15,130.14,131.14,132.13,133.13,134.13,135.12,136.12,137.12,138.11,139.11,140.11,141.1,142.1,143.1,144.09,145.09,146.09,147.08,148.08,149.08,150.07,151.07,152.07,153.06,154.06,155.06,156.05,157.05
59.282,60.279,61.275,62.272,63.269,64.265,65.262,66.259,67.255,68.252,69.248,70.245,71.242,72.238,73.235,74.231,75.228,76.225,77.221,78.218,79.215,80.211,81.208,82.204,83.201,84.198,85.194,86.191,87.187,88.184,89.181,90.177,91.174,92.17,93.167,94.164,95.16,96.157,97.154,98.15,99.147,100.14,101.14,102.14,103.13,104.13,105.13,106.12,107.12,108.12,109.11,110.11,111.11,112.1,113.1,114.1,115.09,116.09,117.09,118.08,119.08,120.08,121.07,122.07,123.07,124.06,125.06,126.06,127.05,128.05,129.05,130.04,131.04,132.04,133.03,134.03,135.02,136.02,137.02,138.01,139.01,140.01,141,142,143,143.99,144.99,145.99,146.98,147.98,148.98,149.97,150.97,151.97,152.96,153.96,154.96,155.95,156.95,157.95
60.179,61.176,62.172,63.169,64.165,65.162,66.159,67.155,68.152,69.148,70.145,71.142,72.138,73.135,74.132,75.128,76.125,77.121,78.118,79.115,80.111,81.108,82.104,83.101,84.098,85.094,86.091,87.088,88.084,89.081,90.077,91.074,92.071,93.067,94.064,95.06,96.057,97.054,98.05,99.047,100.04,101.04,102.04,103.03,104.03,105.03,106.02,107.02,108.02,109.01,110.01,111.01,112,113,114,114.99,115.99,116.99,117.98,118.98,119.98,120.97,121.97,122.97,123.96,124.96,125.96,126.95,127.95,128.95,129.94,130.94,131.94,132.93,133.93,134.92,135.92,136.92,137.91,138.91,139.91,140.9,141.9,142.9,143.89,144.89,145.89,146.88,147.88,148.88,149.87,150.87,151.87,152.86,153.86,154.86,155.85,156.85,157.85,158.84
61.076,62.072,63.069,64.066,65.062,66.059,67.055,68.052,69.049,70.045,71.042,72.038,73.035,74.032,75.028,76.025,77.021,78.018,79.015,80.011,81.008,82.005,83.001,83.998,84.994,85.991,86.988,87.984,88.981,89.977,90.974,91.971,92.967,93.964,94.961,95.957,96.954,97.95,98.947,99.944,100.94,101.94,102.93,103.93,104.93,105.92,106.92,107.92,108.91,109.91,110.91,111.9,112.9,113.9,114.89,115.89,116.89,117.88,118.88,119.88,120.87,121.87,122.87,123.86,124.86,125.86,126.85,127.85,128.85,129.84,130.84,131.84,132.83,133.83,134.83,135.82,136.82,137.81,138.81,139.81,140.8,141.8,142.8,143.79,144.79,145.79,146.78,147.78,148.78,149.77,150.77,151.77,152.76,153.76,154.76,155.75,156.75,157.75,158.74,159.74
61.972,62.969,63.966,64.962,65.959,66.955,67.952,68.949,69.945,70.942,71.939,72.935,73.932,74.928,75.925,76.922,77.918,78.915,79.911,80.908,81.905,82.901,83.898,84.894,85.891,86.888,87.884,88.881,89.878,90.874,91.871,92.867,93.864,94.861,95.857,96.854,97.85,98.847,99.844,100.84,101.84,102.83,103.83,104.83,105.82,106.82,107.82,108.81,109.81,110.81,111.8,112.8,113.8,114.79,115.79,116.79,117.78,118.78,119.78,120.77,121.77,122.77,123.76,124.76,125.76,126.75,127.75,128.75,129.74,130.74,131.74,132.73,133.73,134.73,135.72,136.72,137.71,138.71,139.71,140.7,141.7,142.7,143.69,144.69,145.69,146.68,147.68,148.68,149.67,150.67,151.67,152.66,153.66,154.66,155.65,156.65,157.65,158.64,159.64,160.64
62.869,63.866,64.862,65.859,66.856,67.852,68.849,69.845,70.842,71.839,72.835,73.832,74.828,75.825,76.822,77.818,78.815,79.811,80.808,81.805,82.801,83.798,84.795,85.791,86.788,87.784,88.781,89.778,90.774,91.771,92.767,93.764,94.761,95.757,96.754,97.751,98.747,99.744,100.74,101.74,102.73,103.73,104.73,105.72,106.72,107.72,108.71,109.71,110.71,111.7,112.7,113.7,114.69,115.69,116.69,117.68,118.68,119.68,120.67,121.67,122.67,123.66,124.66,125.66,126.65,127.65,128.65,129.64,130.64,131.64,132.63,133.63,134.63,135.62,136.62,137.62,138.61,139.61,140.6,141.6,142.6,143.59,144.59,145.59,146.58,147.58,148.58,149.57,150.57,151.57,152.56,153.56,154.56,155.55,156.55,157.55,158.54,159.54,160.54,161.53
63.766,64.762,65.759,66.756,67.752,68.749,69.745,70.742,71.739,72.735,73.732,74.729,75.725,76.722,77.718,78.715,79.712,80.708,81.705,82.701,83.698,84.695,85.691,86.688,87.684,88.681,89.678,90.674,91.671,92.668,93.664,94.661,95.657,96.654,97.651,98.647,99.644,100.64,101.64,102.63,103.63,104.63,105.62,106.62,107.62,108.61,109.61,110.61,111.6,112.6,113.6,114.59,115.59,116.59,117.58,118.58,119.58,120.57,121.57,122.57,123.56,124.56,125.56,126.55,127.55,128.55,129.54,130.54,131.54,132.53,133.53,134.53,135.52,136.52,137.52,138.51,139.51,140.5,141.5,142.5,143.49,144.49,145.49,146.48,147.48,148.48,149.47,150.47,151.47,152.46,153.46,154.46,155.45,156.45,157.45,158.44,159.44,160.44,161.43,162.43
64.662,65.659,66.656,67.652,68.649,69.646,70.642,71.639,72.635,73.632,74.629,75.625,76.622,77.618,78.615,79.612,80.608,81.605,82.602,83.598,84.595,85.591,86.588,87.585,88.581,89.578,90.574,91.571,92.568,93.564,94.561,95.557,96.554,97.551,98.547,99.544,100.54,101.54,102.53,103.53,104.53,105.52,106.52,107.52,108.51,109.51,110.51,111.5,112.5,113.5,114.49,115.49,116.49,117.48,118.48,119.48,120.47,121.47,122.47,123.46,124.46,125.46,126.45,127.45,128.45,129.44,130.44,131.44,132.43,133.43,134.43,135.42,136.42,137.42,138.41,139.41,140.41,141.4,142.4,143.39,144.39,145.39,146.38,147.38,148.38,149.37,150.37,151.37,152.36,153.36,154.36,155.35,156.35,157.35,158.34,159.34,160.34,161.33,162.33,163.33
65.559,66.556,67.552,68.549,69.546,70.542,71.539,72.535,73.532,74.529,75.525,76.522,77.519,78.515,79.512,80.508,81.505,82.502,83.498,84.495,85.491,86.488,87.485,88.481,89.478,90.475,91.471,92.468,93.464,94.461,95.458,96.454,97.451,98.447,99.444,100.44,101.44,102.43,103.43,104.43,105.42,106.42,107.42,108.41,109.41,110.41,111.4,112.4,113.4,114.39,115.39,116.39,117.38,118.38,119.38,120.37,121.37,122.37,123.36,124.36,125.36,126.35,127.35,128.35,129.34,130.34,131.34,132.33,133.33,134.33,135.32,136.32,137.32,138.31,139.31,140.31,141.3,142.3,143.3,144.29,145.29,146.28,147.28,148.28,149.27,150.27,151.27,152.26,153.26,154.26,155.25,156.25,157.25,158.24,159.24,160.24,161.23,162.23,163.23,164.22
66.456,67.452,68.449,69.446,70.442,71.439,72.436,73.432,74.429,75.425,76.422,77.419,78.415,79.412,80.408,81.405,82.402,83.398,84.395,85.392,86.388,87.385,88.381,89.378,90.375,91.371,92.368,93.364,94.361,95.358,96.354,97.351,98.348,99.344,100.34,101.34,102.33,103.33,104.33,105.32,106.32,107.32,108.31,109.31,110.31,111.3,112.3,113.3,114.29,115.29,116.29,117.28,118.28,119.28,120.27,121.27,122.27,123.26,124.26,125.26,126.25,127.25,128.25,129.24,130.24,131.24,132.23,133.23,134.23,135.22,136.22,137.22,138.21,139.21,140.21,141.2,142.2,143.2,144.19,145.19,146.18,147.18,148.18,149.17,150.17,151.17,152.16,153.16,154.16,155.15,156.15,157.15,158.14,159.14,160.14,161.13,162.13,163.13,164.12,165.12
67.353,68.349,69.346,70.342,71.339,72.336,73.332,74.329,75.325,76.322,77.319,78.315,79.312,80.309,81.305,82.302,83.298,84.295,85.292,86.288,87.285,88.281,89.278,90.275,91.271,92.268,93.265,94.261,95.258,96.254,97.251,98.248,99.244,100.24,101.24,102.23,103.23,104.23,105.22,106.22,107.22,108.21,109.21,110.21,111.2,112.2,113.2,114.19,115.19,116.19,117.18,118.18,119.18,120.17,121.17,122.17,123.16,124.16,125.16,126.15,127.15,128.15,129.14,130.14,131.14,132.13,133.13,134.13,135.12,136.12,137.12,138.11,139.11,140.11,141.1,142.1,143.1,144.09,145.09,146.09,147.08,148.08,149.07,150.07,151.07,152.06,153.06,154.06,155.05,156.05,157.05,158.04,159.04,160.04,161.03,162.03,163.03,164.02,165.02,166.02
68.249,69.246,70.243,71.239,72.236,73.232,74.229,75.226,76.222,77.219,78.215,79.212,80.209,81.205,82.202,83.198,84.195,85.192,86.188,87.185,88.182,89.178,90.175,91.171,92.168,93.165,94.161,95.158,96.154,97.151,98.148,99.144,100.14,101.14,102.13,103.13,104.13,105.12,106.12,107.12,108.11,109.11,110.11,111.1,112.1,113.1,114.09,115.09,116.09,117.08,118.08,119.08,120.07,121.07,122.07,123.06,124.06,125.06,126.05,127.05,128.05,129.04,130.04,131.04,132.03,133.03,134.03,135.02,136.02,137.02,138.01,139.01,140.01,141,142,143,143.99,144.99,145.99,146.98,147.98,148.97,149.97,150.97,151.96,152.96,153.96,154.95,155.95,156.95,157.94,158.94,159.94,160.93,161.93,162.93,163.92,164.92,165.92,166.91
69.146,70.143,71.139,72.136,73.132,74.129,75.126,76.122,77.119,78.116,79.112,80.109,81.105,82.102,83.099,84.095,85.092,86.088,87.085,88.082,89.078,90.075,91.071,92.068,93.065,94.061,95.058,96.055,97.051,98.048,99.044,100.04,101.04,102.03,103.03,104.03,105.02,106.02,107.02,108.01,109.01,110.01,111,112,113,113.99,114.99,115.99,116.98,117.98,118.98,119.97,120.97,121.97,122.96,123.96,124.96,125.95,126.95,127.95,128.94,129.94,130.94,131.93,132.93,133.93,134.92,135.92,136.92,137.91,138.91,139.91,140.9,141.9,142.9,143.89,144.89,145.89,146.88,147.88,148.88,149.87,150.87,151.86,152.86,153.86,154.85,155.85,156.85,157.84,158.84,159.84,160.83,161.83,162.83,163.82,164.82,165.82,166.81,167.81
70.043,71.039,72.036,73.033,74.029,75.026,76.022,77.019,78.016,79.012,80.009,81.005,82.002,82.999,83.995,84.992,85.989,86.985,87.982,88.978,89.975,90.972,91.968,92.965,93.961,94.958,95.955,96.951,97.948,98.944,99.941,100.94,101.93,102.93,103.93,104.92,105.92,106.92,107.91,108.91,109.91,110.9,111.9,112.9,113.89,114.89,115.89,116.88,117.88,118.88,119.87,120.87,121.87,122.86,123.86,124.86,125.85,126.85,127.85,128.84,129.84,130.84,131.83,132.83,133.83,134.82,135.82,136.82,137.81,138.81,139.81,140.8,141.8,142.8,143.79,144.79,145.79,146.78,147.78,148.78,149.77,150.77,151.76,152.76,153.76,154.75,155.75,156.75,157.74,158.74,159.74,160.73,161.73,162.73,163.72,164.72,165.72,166.71,167.71,168.71
70.939,71.936,72.933,73.929,74.926,75.922,76.919,77.916,78.912,79.909,80.906,81.902,82.899,83.895,84.892,85.889,86.885,87.882,88.878,89.875,90.872,91.868,92.865,93.861,94.858,95.855,96.851,97.848,98.845,99.841,100.84,101.83,102.83,103.83,104.82,105.82,106.82,107.81,108.81,109.81,110.8,111.8,112.8,113.79,114.79,115.79,116.78,117.78,118.78,119.77,120.77,121.77,122.76,123.76,124.76,125.75,126.75,127.75,128.74,129.74,130.74,131.73,132.73,133.73,134.72,135.72,136.72,137.71,138.71,139.71,140.7,141.7,142.7,143.69,144.69,145.69,146.68,147.68,148.68,149.67,150.67,151.67,152.66,153.66,154.65,155.65,156.65,157.64,158.64,159.64,160.63,161.63,162.63,163.62,164.62,165.62,166.61,167.61,168.61,169.6
71.836,72.833,73.829,74.826,75.823,76.819,77.816,78.812,79.809,80.806,81.802,82.799,83.795,84.792,85.789,86.785,87.782,88.779,89.775,90.772,91.768,92.765,93.762,94.758,95.755,96.751,97.748,98.745,99.741,100.74,101.73,102.73,103.73,104.72,105.72,106.72,107.71,108.71,109.71,110.7,111.7,112.7,113.69,114.69,115.69,116.68,117.68,118.68,119.67,120.67,121.67,122.66,123.66,124.66,125.65,126.65,127.65,128.64,129.64,130.64,131.63,132.63,133.63,134.62,135.62,136.62,137.61,138.61,139.61,140.6,141.6,142.6,143.59,144.59,145.59,146.58,147.58,148.58,149.57,150.57,151.57,152.56,153.56,154.55,155.55,156.55,157.54,158.54,159.54,160.53,161.53,162.53,163.52,164.52,165.52,166.51,167.51,168.51,169.5,170.5
72.733,73.729,74.726,75.723,76.719,77.716,78.712,79.709,80.706,81.702,82.699,83.696,84.692,85.689,86.685,87.682,88.679,89.675,90.672,91.668,92.665,93.662,94.658,95.655,96.652,97.648,98.645,99.641,100.64,101.63,102.63,103.63,104.62,105.62,106.62,107.61,108.61,109.61,110.6,111.6,112.6,113.59,114.59,115.59,116.58,117.58,118.58,119.57,120.57,121.57,122.56,123.56,124.56,125.55,126.55,127.55,128.54,129.54,130.54,131.53,132.53,133.53,134.52,135.52,136.52,137.51,138.51,139.51,140.5,141.5,142.5,143.49,144.49,145.49,146.48,147.48,148.48,149.47,150.47,151.47,152.46,153.46,154.46,155.45,156.45,157.44,158.44,159.44,160.43,161.43,162.43,163.42,164.42,165.42,166.41,167.41,168.41,169.4,170.4,171.4
73.63,74.626,75.623,76.619,77.616,78.613,79.609,80.606,81.602,82.599,83.596,84.592,85.589,86.585,87.582,88.579,89.575,90.572,91.569,92.565,93.562,94.558,95.555,96.552,97.548,98.545,99.541,100.54,101.53,102.53,103.53,104.52,105.52,106.52,107.51,108.51,109.51,110.5,111.5,112.5,113.49,114.49,115.49,116.48,117.48,118.48,119.47,120.47,121.47,122.46,123.46,124.46,125.45,126.45,127.45,128.44,129.44,130.44,131.43,132.43,133.43,134.42,135.42,136.42,137.41,138.41,139.41,140.4,141.4,142.4,143.39,144.39,145.39,146.38,147.38,148.38,149.37,150.37,151.37,152.36,153.36,154.36,155.35,156.35,157.35,158.34,159.34,160.33,161.33,162.33,163.32,164.32,165.32,166.31,167.31,168.31,169.3,170.3,171.3,172.29
74.526,75.523,76.519,77.516,78.513,79.509,80.506,81.502,82.499,83.496,84.492,85.489,86.486,87.482,88.479,89.475,90.472,91.469,92.465,93.462,94.458,95.455,96.452,97.448,98.445,99.442,100.44,101.43,102.43,103.43,104.42,105.42,106.42,107.41,108.41,109.41,110.4,111.4,112.4,113.39,114.39,115.39,116.38,117.38,118.38,119.37,120.37,121.37,122.36,123.36,124.36,125.35,126.35,127.35,128.34,129.34,130.34,131.33,132.33,133.33,134.32,135.32,136.32,137.31,138.31,139.31,140.3,141.3,142.3,143.29,144.29,145.29,146.28,147.28,148.28,149.27,150.27,151.27,152.26,153.26,154.26,155.25,156.25,157.25,158.24,159.24,160.23,161.23,162.23,163.22,164.22,165.22,166.21,167.21,168.21,169.2,170.2,171.2,172.19,173.19
75.423,76.42,77.416,78.413,79.409,80.406,81.403,82.399,83.396,84.392,85.389,86.386,87.382,88.379,89.375,90.372,91.369,92.365,93.362,94.359,95.355,96.352,97.348,98.345,99.342,100.34,101.33,102.33,103.33,104.32,105.32,106.32,107.31,108.31,109.31,110.3,111.3,112.3,113.29,114.29,115.29,116.28,117.28,118.28,119.27,120.27,121.27,122.26,123.26,124.26,125.25,126.25,127.25,128.24,129.24,130.24,131.23,132.23,133.23,134.22,135.22,136.22,137.21,138.21,139.21,140.2,141.2,142.2,143.19,144.19,145.19,146.18,147.18,148.18,149.17,150.17,151.17,152.16,153.16,154.16,155.15,156.15,157.15,158.14,159.14,160.14,161.13,162.13,163.12,164.12,165.12,166.11,167.11,168.11,169.1,170.1,171.1,172.09,173.09,174.09
76.32,77.316,78.313,79.309,80.306,81.303,82.299,83.296,84.293,85.289,86.286,87.282,88.279,89.276,90.272,91.269,92.265,93.262,94.259,95.255,96.252,97.248,98.245,99.242,100.24,101.23,102.23,103.23,104.22,105.22,106.22,107.21,108.21,109.21,110.2,111.2,112.2,113.19,114.19,115.19,116.18,117.18,118.18,119.17,120.17,121.17,122.16,123.16,124.16,125.15,126.15,127.15,128.14,129.14,130.14,131.13,132.13,133.13,134.12,135.12,136.12,137.11,138.11,139.11,140.1,141.1,142.1,143.09,144.09,145.09,146.08,147.08,148.08,149.07,150.07,151.07,152.06,153.06,154.06,155.05,156.05,157.05,158.04,159.04,160.04,161.03,162.03,163.02,164.02,165.02,166.01,167.01,168.01,169,170,171,171.99,172.99,173.99,174.98
77.216,78.213,79.21,80.206,81.203,82.199,83.196,84.193,85.189,86.186,87.182,88.179,89.176,90.172,91.169,92.166,93.162,94.159,95.155,96.152,97.149,98.145,99.142,100.14,101.14,102.13,103.13,104.12,105.12,106.12,107.11,108.11,109.11,110.1,111.1,112.1,113.09,114.09,115.09,116.08,117.08,118.08,119.07,120.07,121.07,122.06,123.06,124.06,125.05,126.05,127.05,128.04,129.04,130.04,131.03,132.03,133.03,134.02,135.02,136.02,137.01,138.01,139.01,140,141,142,142.99,143.99,144.99,145.98,146.98,147.98,148.97,149.97,150.97,151.96,152.96,153.96,154.95,155.95,156.95,157.94,158.94,159.94,160.93,161.93,162.93,163.92,164.92,165.91,166.91,167.91,168.9,169.9,170.9,171.89,172.89,173.89,174.88,175.88
78.113,79.11,80.106,81.103,82.099,83.096,84.093,85.089,86.086,87.083,88.079,89.076,90.072,91.069,92.066,93.062,94.059,95.055,96.052,97.049,98.045,99.042,100.04,101.04,102.03,103.03,104.02,105.02,106.02,107.01,108.01,109.01,110,111,112,112.99,113.99,114.99,115.98,116.98,117.98,118.97,119.97,120.97,121.96,122.96,123.96,124.95,125.95,126.95,127.94,128.94,129.94,130.93,131.93,132.93,133.92,134.92,135.92,136.91,137.91,138.91,139.9,140.9,141.9,142.89,143.89,144.89,145.88,146.88,147.88,148.87,149.87,150.87,151.86,152.86,153.86,154.85,155.85,156.85,157.84,158.84,159.84,160.83,161.83,162.83,163.82,164.82,165.81,166.81,167.81,168.8,169.8,170.8,171.79,172.79,173.79,174.78,175.78,176.78
79.01,80.006,81.003,82,82.996,83.993,84.989,85.986,86.983,87.979,88.976,89.972,90.969,91.966,92.962,93.959,94.956,95.952,96.949,97.945,98.942,99.939,100.94,101.93,102.93,103.93,104.92,105.92,106.91,107.91,108.91,109.9,110.9,111.9,112.89,113.89,114.89,115.88,116.88,117.88,118.87,119.87,120.87,121.86,122.86,123.86,124.85,125.85,126.85,127.84,128.84,129.84,130.83,131.83,132.83,133.82,134.82,135.82,136.81,137.81,138.81,139.8,140.8,141.8,142.79,143.79,144.79,145.78,146.78,147.78,148.77,149.77,150.77,151.76,152.76,153.76,154.75,155.75,156.75,157.74,158.74,159.74,160.73,161.73,162.73,163.72,164.72,165.72,166.71,167.71,168.7,169.7,170.7,171.69,172.69,173.69,174.68,175.68,176.68,177.67
79.906,80.903,81.9,82.896,83.893,84.889,85.886,86.883,87.879,88.876,89.873,90.869,91.866,92.862,93.859,94.856,95.852,96.849,97.845,98.842,99.839,100.84,101.83,102.83,103.83,104.82,105.82,106.81,107.81,108.81,109.8,110.8,111.8,112.79,113.79,114.79,115.78,116.78,117.78,118.77,119.77,120.77,121.76,122.76,123.76,124.75,125.75,126.75,127.74,128.74,129.74,130.73,131.73,132.73,133.72,134.72,135.72,136.71,137.71,138.71,139.7,140.7,141.7,142.69,143.69,144.69,145.68,146.68,147.68,148.67,149.67,150.67,151.66,152.66,153.66,154.65,155.65,156.65,157.64,158.64,159.64,160.63,161.63,162.63,163.62,164.62,165.62,166.61,167.61,168.6,169.6,170.6,171.59,172.59,173.59,174.58,175.58,176.58,177.57,178.57
80.803,81.8,82.796,83.793,84.79,85.786,86.783,87.779,88.776,89.773,90.769,91.766,92.762,93.759,94.756,95.752,96.749,97.746,98.742,99.739,100.74,101.73,102.73,103.73,104.72,105.72,106.72,107.71,108.71,109.7,110.7,111.7,112.69,113.69,114.69,115.68,116.68,117.68,118.67,119.67,120.67,121.66,122.66,123.66,124.65,125.65,126.65,127.64,128.64,129.64,130.63,131.63,132.63,133.62,134.62,135.62,136.61,137.61,138.61,139.6,140.6,141.6,142.59,143.59,144.59,145.58,146.58,147.58,148.57,149.57,150.57,151.56,152.56,153.56,154.55,155.55,156.55,157.54,158.54,159.54,160.53,161.53,162.53,163.52,164.52,165.52,166.51,167.51,168.51,169.5,170.5,171.49,172.49,173.49,174.48,175.48,176.48,177.47,178.47,179.47
81.7,82.696,83.693,84.69,85.686,86.683,87.68,88.676,89.673,90.669,91.666,92.663,93.659,94.656,95.652,96.649,97.646,98.642,99.639,100.64,101.63,102.63,103.63,104.62,105.62,106.62,107.61,108.61,109.6,110.6,111.6,112.59,113.59,114.59,115.58,116.58,117.58,118.57,119.57,120.57,121.56,122.56,123.56,124.55,125.55,126.55,127.54,128.54,129.54,130.53,131.53,132.53,133.52,134.52,135.52,136.51,137.51,138.51,139.5,140.5,141.5,142.49,143.49,144.49,145.48,146.48,147.48,148.47,149.47,150.47,151.46,152.46,153.46,154.45,155.45,156.45,157.44,158.44,159.44,160.43,161.43,162.43,163.42,164.42,165.42,166.41,167.41,168.41,169.4,170.4,171.4,172.39,173.39,174.38,175.38,176.38,177.37,178.37,179.37,180.36
82.597,83.593,84.59,85.586,86.583,87.58,88.576,89.573,90.569,91.566,92.563,93.559,94.556,95.552,96.549,97.546,98.542,99.539,100.54,101.53,102.53,103.53,104.52,105.52,106.52,107.51,108.51,109.51,110.5,111.5,112.49,113.49,114.49,115.48,116.48,117.48,118.47,119.47,120.47,121.46,122.46,123.46,124.45,125.45,126.45,127.44,128.44,129.44,130.43,131.43,132.43,133.42,134.42,135.42,136.41,137.41,138.41,139.4,140.4,141.4,142.39,143.39,144.39,145.38,146.38,147.38,148.37,149.37,150.37,151.36,152.36,153.36,154.35,155.35,156.35,157.34,158.34,159.34,160.33,161.33,162.33,163.32,164.32,165.32,166.31,167.31,168.31,169.3,170.3,171.3,172.29,173.29,174.28,175.28,176.28,177.27,178.27,179.27,180.26,181.26
83.493,84.49,85.486,86.483,87.48,88.476,89.473,90.47,91.466,92.463,93.459,94.456,95.453,96.449,97.446,98.442,99.439,100.44,101.43,102.43,103.43,104.42,105.42,106.42,107.41,108.41,109.41,110.4,111.4,112.4,113.39,114.39,115.38,116.38,117.38,118.37,119.37,120.37,121.36,122.36,123.36,124.35,125.35,126.35,127.34,128.34,129.34,130.33,131.33,132.33,133.32,134.32,135.32,136.31,137.31,138.31,139.3,140.3,141.3,142.29,143.29,144.29,145.28,146.28,147.28,148.27,149.27,150.27,151.26,152.26,153.26,154.25,155.25,156.25,157.24,158.24,159.24,160.23,161.23,162.23,163.22,164.22,165.22,166.21,167.21,168.21,169.2,170.2,171.2,172.19,173.19,174.19,175.18,176.18,177.17,178.17,179.17,180.16,181.16,182.16
84.39,85.387,86.383,87.38,88.376,89.373,90.37,91.366,92.363,93.359,94.356,95.353,96.349,97.346,98.343,99.339,100.34,101.33,102.33,103.33,104.32,105.32,106.32,107.31,108.31,109.31,110.3,111.3,112.3,113.29,114.29,115.28,116.28,117.28,118.27,119.27,120.27,121.26,122.26,123.26,124.25,125.25,126.25,127.24,128.24,129.24,130.23,131.23,132.23,133.22,134.22,135.22,136.21,137.21,138.21,139.2,140.2,141.2,142.19,143.19,144.19,145.18,146.18,147.18,148.17,149.17,150.17,151.16,152.16,153.16,154.15,155.15,156.15,157.14,158.14,159.14,160.13,161.13,162.13,163.12,164.12,165.12,166.11,167.11,168.11,169.1,170.1,171.1,172.09,173.09,174.09,175.08,176.08,177.07,178.07,179.07,180.06,181.06,182.06,183.05
85.287,86.283,87.28,88.276,89.273,90.27,91.266,92.263,93.26,94.256,95.253,96.249,97.246,98.243,99.239,100.24,101.23,102.23,103.23,104.22,105.22,106.22,107.21,108.21,109.21,110.2,111.2,112.2,113.19,114.19,115.19,116.18,117.18,118.17,119.17,120.17,121.16,122.16,123.16,124.15,125.15,126.15,127.14,128.14,129.14,130.13,131.13,132.13,133.12,134.12,135.12,136.11,137.11,138.11,139.1,140.1,141.1,142.09,143.09,144.09,145.08,146.08,147.08,148.07,149.07,150.07,151.06,152.06,153.06,154.05,155.05,156.05,157.04,158.04,159.04,160.03,161.03,162.03,163.02,164.02,165.02,166.01,167.01,168.01,169,170,171,171.99,172.99,173.99,174.98,175.98,176.98,177.97,178.97,179.96,180.96,181.96,182.95,183.95
86.183,87.18,88.177,89.173,90.17,91.166,92.163,93.16,94.156,95.153,96.149,97.146,98.143,99.139,100.14,101.13,102.13,103.13,104.12,105.12,106.12,107.11,108.11,109.11,110.1,111.1,112.1,113.09,114.09,115.09,116.08,117.08,118.07,119.07,120.07,121.06,122.06,123.06,124.05,125.05,126.05,127.04,128.04,129.04,130.03,131.03,132.03,133.02,134.02,135.02,136.01,137.01,138.01,139,140,141,141.99,142.99,143.99,144.98,145.98,146.98,147.97,148.97,149.97,150.96,151.96,152.96,153.95,154.95,155.95,156.94,157.94,158.94,159.93,160.93,161.93,162.92,163.92,164.92,165.91,166.91,167.91,168.9,169.9,170.9,171.89,172.89,173.89,174.88,175.88,176.88,177.87,178.87,179.86,180.86,181.86,182.85,183.85,184.85
87.08,88.077,89.073,90.07,91.066,92.063,93.06,94.056,95.053,96.05,97.046,98.043,99.039,100.04,101.03,102.03,103.03,104.02,105.02,106.02,107.01,108.01,109.01,110,111,112,112.99,113.99,114.99,115.98,116.98,117.98,118.97,119.97,120.96,121.96,122.96,123.95,124.95,125.95,126.94,127.94,128.94,129.93,130.93,131.93,132.92,133.92,134.92,135.91,136.91,137.91,138.9,139.9,140.9,141.89,142.89,143.89,144.88,145.88,146.88,147.87,148.87,149.87,150.86,151.86,152.86,153.85,154.85,155.85,156.84,157.84,158.84,159.83,160.83,161.83,162.82,163.82,164.82,165.81,166.81,167.81,168.8,169.8,170.8,171.79,172.79,173.79,174.78,175.78,176.78,177.77,178.77,179.77,180.76,181.76,182.75,183.75,184.75,185.74
87.977,88.973,89.97,90.967,91.963,92.96,93.956,94.953,95.95,96.946,97.943,98.939,99.936,100.93,101.93,102.93,103.92,104.92,105.92,106.91,107.91,108.91,109.9,110.9,111.9,112.89,113.89,114.89,115.88,116.88,117.88,118.87,119.87,120.86,121.86,122.86,123.85,124.85,125.85,126.84,127.84,128.84,129.83,130.83,131.83,132.82,133.82,134.82,135.81,136.81,137.81,138.8,139.8,140.8,141.79,142.79,143.79,144.78,145.78,146.78,147.77,148.77,149.77,150.76,151.76,152.76,153.75,154.75,155.75,156.74,157.74,158.74,159.73,160.73,161.73,162.72,163.72,164.72,165.71,166.71,167.71,168.7,169.7,170.7,171.69,172.69,173.69,174.68,175.68,176.68,177.67,178.67,179.67,180.66,181.66,182.65,183.65,184.65,185.64,186.64
88.873,89.87,90.867,91.863,92.86,93.857,94.853,95.85,96.846,97.843,98.84,99.836,100.83,101.83,102.83,103.82,104.82,105.82,106.81,107.81,108.81,109.8,110.8,111.8,112.79,113.79,114.79,115.78,116.78,117.78,118.77,119.77,120.77,121.76,122.76,123.75,124.75,125.75,126.74,127.74,128.74,129.73,130.73,131.73,132.72,133.72,134.72,135.71,136.71,137.71,138.7,139.7,140.7,141.69,142.69,143.69,144.68,145.68,146.68,147.67,148.67,149.67,150.66,151.66,152.66,153.65,154.65,155.65,156.64,157.64,158.64,159.63,160.63,161.63,162.62,163.62,164.62,165.61,166.61,167.61,168.6,169.6,170.6,171.59,172.59,173.59,174.58,175.58,176.58,177.57,178.57,179.57,180.56,181.56,182.56,183.55,184.55,185.54,186.54,187.54
89.77,90.767,91.763,92.76,93.757,94.753,95.75,96.746,97.743,98.74,99.736,100.73,101.73,102.73,103.72,104.72,105.72,106.71,107.71,108.71,109.7,110.7,111.7,112.69,113.69,114.69,115.68,116.68,117.68,118.67,119.67,120.67,121.66,122.66,123.65,124.65,125.65,126.64,127.64,128.64,129.63,130.63,131.63,132.62,133.62,134.62,135.61,136.61,137.61,138.6,139.6,140.6,141.59,142.59,143.59,144.58,145.58,146.58,147.57,148.57,149.57,150.56,151.56,152.56,153.55,154.55,155.55,156.54,157.54,158.54,159.53,160.53,161.53,162.52,163.52,164.52,165.51,166.51,167.51,168.5,169.5,170.5,171.49,172.49,173.49,174.48,175.48,176.48,177.47,178.47,179.47,180.46,181.46,182.46,183.45,184.45,185.45,186.44,187.44,188.43
90.667,91.663,92.66,93.657,94.653,95.65,96.647,97.643,98.64,99.636,100.63,101.63,102.63,103.62,104.62,105.62,106.61,107.61,108.61,109.6,110.6,111.6,112.59,113.59,114.59,115.58,116.58,117.58,118.57,119.57,120.57,121.56,122.56,123.56,124.55,125.55,126.54,127.54,128.54,129.53,130.53,131.53,132.52,133.52,134.52,135.51,136.51,137.51,138.5,139.5,140.5,141.49,142.49,143.49,144.48,145.48,146.48,147.47,148.47,149.47,150.46,151.46,152.46,153.45,154.45,155.45,156.44,157.44,158.44,159.43,160.43,161.43,162.42,163.42,164.42,165.41,166.41,167.41,168.4,169.4,170.4,171.39,172.39,173.39,174.38,175.38,176.38,177.37,178.37,179.37,180.36,181.36,182.36,183.35,184.35,185.35,186.34,187.34,188.33,189.33
